{"type":"FeatureCollection", "features": [
{"type":"Feature","geometry":{"type":"Polygon","coordinates":[[[41.3824,39.3604],[41.3838,39.3581],[41.392,39.3532],[41.397,39.3527],[41.4033,39.3535],[41.415,39.3534],[41.4194,39.3482],[41.4327,39.3419],[41.4442,39.3333],[41.4598,39.3207],[41.4742,39.313],[41.4851,39.3113],[41.4955,39.3103],[41.5005,39.3036],[41.5106,39.3004],[41.5309,39.2838],[41.5393,39.2793],[41.5428,39.2782],[41.5566,39.2736],[41.5609,39.2697],[41.5821,39.2656],[41.596,39.2595],[41.6104,39.2578],[41.6167,39.2533],[41.6184,39.2445],[41.6108,39.239],[41.6128,39.2321],[41.6103,39.2242],[41.6132,39.2192],[41.6166,39.2175],[41.6188,39.2141],[41.6176,39.2114],[41.6162,39.2049],[41.6134,39.2007],[41.6124,39.1949],[41.606,39.1895],[41.6041,39.1834],[41.6088,39.1816],[41.6114,39.1771],[41.6182,39.174],[41.6188,39.1709],[41.6151,39.1671],[41.6174,39.1622],[41.6182,39.1566],[41.6281,39.1561],[41.6356,39.1586],[41.6465,39.1572],[41.665,39.1579],[41.6883,39.1603],[41.6947,39.1649],[41.7015,39.1678],[41.7055,39.1677],[41.7087,39.1677],[41.7115,39.1663],[41.7161,39.1673],[41.7218,39.1671],[41.7228,39.1646],[41.7219,39.1631],[41.7194,39.1619],[41.7189,39.1606],[41.7205,39.158],[41.7231,39.1587],[41.7295,39.1561],[41.7325,39.1521],[41.7361,39.1538],[41.7419,39.1564],[41.7488,39.1613],[41.7569,39.163],[41.7601,39.1623],[41.7623,39.1641],[41.7702,39.1651],[41.7738,39.1628],[41.7922,39.168],[41.8012,39.1731],[41.8005,39.182],[41.8087,39.1909],[41.8149,39.1991],[41.8186,39.2089],[41.8298,39.2088],[41.8573,39.2023],[41.8771,39.2079],[41.8802,39.2083],[41.8842,39.2095],[41.878,39.2171],[41.8813,39.2224],[41.8824,39.2313],[41.8851,39.2384],[41.8853,39.2426],[41.8899,39.2483],[41.8912,39.2552],[41.8964,39.2636],[41.9014,39.2702],[41.9037,39.2762],[41.8926,39.289],[41.9027,39.3036],[41.9064,39.3104],[41.9064,39.3225],[41.9036,39.3269],[41.8998,39.3289],[41.9002,39.3332],[41.902,39.342],[41.902,39.349],[41.8942,39.3658],[41.8937,39.3732],[41.8953,39.3815],[41.8992,39.3849],[41.908,39.3881],[41.9113,39.3921],[41.9111,39.3983],[41.9165,39.4008],[41.9231,39.4013],[41.9295,39.4103],[41.9396,39.413],[41.949,39.4143],[41.9545,39.4194],[41.9597,39.4212],[41.9674,39.4215],[41.9692,39.4251],[41.9696,39.43],[41.9724,39.4342],[41.9763,39.4355],[41.9796,39.4401],[41.9803,39.4458],[41.9798,39.4477],[41.9743,39.4546],[41.9703,39.4558],[41.9591,39.4539],[41.9522,39.4593],[41.9458,39.4621],[41.94,39.4686],[41.9324,39.4713],[41.9242,39.4721],[41.9207,39.4744],[41.919,39.4795],[41.9121,39.4795],[41.9021,39.4812],[41.9001,39.4847],[41.897,39.4856],[41.8876,39.4838],[41.8812,39.4845],[41.8762,39.4874],[41.8665,39.4865],[41.8618,39.4791],[41.857,39.4705],[41.852,39.4673],[41.836,39.4651],[41.8405,39.4563],[41.8415,39.4516],[41.8418,39.4455],[41.8341,39.4486],[41.8301,39.4486],[41.8212,39.452],[41.8147,39.4523],[41.8081,39.454],[41.811,39.4595],[41.8122,39.464],[41.8179,39.4693],[41.8261,39.4752],[41.8222,39.4777],[41.8175,39.476],[41.8122,39.4755],[41.813,39.4783],[41.8091,39.4796],[41.7835,39.4803],[41.7855,39.4825],[41.7855,39.4863],[41.7884,39.4892],[41.7877,39.4995],[41.7993,39.5064],[41.8013,39.5101],[41.7995,39.519],[41.7952,39.5348],[41.7893,39.5403],[41.7833,39.5411],[41.7751,39.5384],[41.7666,39.5367],[41.7593,39.5394],[41.7569,39.5377],[41.7598,39.5355],[41.7638,39.5345],[41.7646,39.531],[41.7682,39.5302],[41.7715,39.5254],[41.7717,39.5194],[41.7697,39.5158],[41.7635,39.5149],[41.7595,39.5182],[41.7553,39.516],[41.7462,39.5156],[41.7435,39.5134],[41.7333,39.5132],[41.7298,39.5148],[41.7248,39.5143],[41.7178,39.5196],[41.6996,39.5234],[41.6914,39.5229],[41.6999,39.5381],[41.6961,39.5507],[41.6854,39.5684],[41.6807,39.5619],[41.6666,39.5603],[41.6567,39.5533],[41.6534,39.5464],[41.6468,39.542],[41.6471,39.535],[41.6333,39.5309],[41.6151,39.526],[41.6069,39.5265],[41.6063,39.5205],[41.6019,39.5132],[41.5938,39.5088],[41.5884,39.5042],[41.5793,39.4972],[41.5711,39.4955],[41.5664,39.4876],[41.5554,39.4813],[41.5416,39.4767],[41.5359,39.4701],[41.5218,39.467],[41.5161,39.4672],[41.5051,39.4651],[41.4932,39.4646],[41.4854,39.4699],[41.4675,39.4716],[41.4561,39.4655],[41.4439,39.466],[41.4367,39.4638],[41.3949,39.4648],[41.3945,39.4562],[41.4007,39.4402],[41.4045,39.4393],[41.4101,39.4271],[41.4099,39.4205],[41.4079,39.415],[41.4027,39.4098],[41.3909,39.4026],[41.3784,39.3947],[41.3826,39.389],[41.3813,39.3812],[41.3757,39.366],[41.3774,39.3623],[41.3824,39.3604]]]},"properties":{"ad":"Hınıs"}},
{"type":"Feature","geometry":{"type":"Polygon","coordinates":[[[41.763,39.6835],[41.7626,39.6748],[41.7577,39.6722],[41.7565,39.6683],[41.7578,39.6641],[41.7504,39.6616],[41.7485,39.659],[41.7469,39.6539],[41.741,39.6502],[41.7411,39.6464],[41.7442,39.6424],[41.7444,39.6388],[41.7467,39.6337],[41.7572,39.6408],[41.7628,39.6387],[41.7706,39.615],[41.7684,39.6038],[41.7675,39.5959],[41.7731,39.5805],[41.7769,39.5801],[41.7782,39.5841],[41.7899,39.5766],[41.8043,39.5827],[41.8088,39.5602],[41.8131,39.5572],[41.8017,39.5483],[41.8109,39.5398],[41.8211,39.5427],[41.829,39.5363],[41.8342,39.5423],[41.8352,39.5338],[41.8305,39.5125],[41.8365,39.5126],[41.8405,39.5086],[41.8421,39.4953],[41.8383,39.478],[41.8355,39.472],[41.8355,39.4666],[41.836,39.4651],[41.852,39.4673],[41.857,39.4705],[41.8618,39.4791],[41.8665,39.4865],[41.8762,39.4874],[41.8812,39.4845],[41.8876,39.4838],[41.897,39.4856],[41.9001,39.4847],[41.9021,39.4812],[41.9121,39.4795],[41.919,39.4795],[41.9207,39.4744],[41.9242,39.4721],[41.9324,39.4713],[41.94,39.4686],[41.9458,39.4621],[41.9522,39.4593],[41.9591,39.4539],[41.9703,39.4558],[41.9743,39.4546],[41.9798,39.4477],[41.9803,39.4458],[41.9796,39.4401],[41.9946,39.446],[42.0099,39.4469],[42.0198,39.4416],[42.0343,39.4521],[42.0376,39.4616],[42.0455,39.4729],[42.0578,39.4842],[42.0717,39.4793],[42.0894,39.4834],[42.1093,39.4783],[42.1008,39.4592],[42.1002,39.449],[42.1038,39.4372],[42.1134,39.4364],[42.1169,39.4321],[42.1211,39.436],[42.1262,39.4298],[42.1314,39.4302],[42.1382,39.4357],[42.1446,39.4388],[42.1523,39.4447],[42.1525,39.4495],[42.1649,39.4482],[42.1701,39.4517],[42.1748,39.4607],[42.1799,39.4619],[42.1862,39.4602],[42.1962,39.4572],[42.2054,39.457],[42.2105,39.4509],[42.2135,39.4457],[42.2182,39.4462],[42.2213,39.4493],[42.2254,39.4491],[42.2395,39.4344],[42.2417,39.4404],[42.2455,39.4443],[42.2437,39.4494],[42.248,39.4514],[42.2536,39.4502],[42.2542,39.4543],[42.2614,39.4547],[42.2666,39.4535],[42.274,39.4567],[42.2784,39.4556],[42.2837,39.4617],[42.2949,39.462],[42.3073,39.4707],[42.3187,39.4742],[42.3259,39.4752],[42.3293,39.4785],[42.3347,39.4904],[42.3407,39.4969],[42.3489,39.4937],[42.3545,39.4988],[42.3634,39.4998],[42.373,39.5061],[42.3799,39.5182],[42.384,39.5379],[42.3906,39.5382],[42.406,39.5344],[42.4196,39.5347],[42.4473,39.5415],[42.4603,39.5504],[42.4692,39.5513],[42.4763,39.549],[42.4834,39.5488],[42.4773,39.5546],[42.4822,39.5607],[42.4724,39.5639],[42.4775,39.5687],[42.4763,39.5748],[42.4813,39.5831],[42.4861,39.5884],[42.505,39.5881],[42.508,39.5929],[42.512,39.6001],[42.5115,39.6082],[42.5005,39.6243],[42.5078,39.6331],[42.5203,39.6359],[42.5114,39.6468],[42.498,39.6611],[42.4923,39.6693],[42.4855,39.6806],[42.4807,39.6903],[42.4692,39.6965],[42.4573,39.7079],[42.4588,39.7186],[42.4351,39.725],[42.4235,39.7349],[42.3815,39.744],[42.371,39.7526],[42.3575,39.7595],[42.3304,39.7528],[42.3022,39.7713],[42.2838,39.8083],[42.279,39.8171],[42.2802,39.831],[42.2871,39.843],[42.3005,39.8514],[42.2725,39.8583],[42.2611,39.8585],[42.2451,39.8605],[42.2292,39.8579],[42.2131,39.8592],[42.2054,39.8514],[42.1997,39.8503],[42.1938,39.8533],[42.1791,39.848],[42.1716,39.8483],[42.1637,39.8445],[42.1397,39.8448],[42.1271,39.84],[42.1127,39.8402],[42.1085,39.8366],[42.0996,39.8371],[42.0927,39.8339],[42.0831,39.8313],[42.0722,39.8263],[42.0633,39.8189],[42.0608,39.8142],[42.0726,39.8127],[42.075,39.806],[42.0756,39.7982],[42.0756,39.7966],[42.0719,39.7935],[42.0666,39.7917],[42.0605,39.794],[42.0555,39.7982],[42.0534,39.8011],[42.0421,39.8025],[42.0357,39.8011],[42.0293,39.804],[42.024,39.8091],[42.0193,39.808],[42.0161,39.8051],[42.0047,39.809],[41.9918,39.8067],[41.9772,39.8067],[41.9661,39.8095],[41.9526,39.8076],[41.9378,39.8099],[41.9369,39.8078],[41.9383,39.8047],[41.9378,39.7996],[41.938,39.7965],[41.9373,39.794],[41.9396,39.7926],[41.9401,39.7898],[41.9422,39.7853],[41.9397,39.7844],[41.9353,39.7835],[41.9332,39.7802],[41.9314,39.7792],[41.9259,39.7807],[41.9197,39.7848],[41.9132,39.7874],[41.9084,39.7849],[41.9017,39.7795],[41.9001,39.7763],[41.8951,39.7736],[41.8957,39.7691],[41.8943,39.7653],[41.8954,39.7633],[41.8944,39.7605],[41.8898,39.7547],[41.8845,39.754],[41.8823,39.7475],[41.8849,39.7439],[41.8836,39.7376],[41.8895,39.7321],[41.8953,39.7298],[41.9008,39.7252],[41.9054,39.7182],[41.9039,39.7175],[41.897,39.7221],[41.8903,39.7284],[41.8768,39.7237],[41.8644,39.7231],[41.859,39.7248],[41.8548,39.7244],[41.8392,39.7264],[41.8341,39.7281],[41.8256,39.7278],[41.825,39.7228],[41.8237,39.7154],[41.8307,39.7083],[41.8352,39.7006],[41.8235,39.7048],[41.8189,39.7043],[41.8156,39.7013],[41.8115,39.7001],[41.8001,39.7023],[41.7987,39.7065],[41.7963,39.7083],[41.792,39.7135],[41.7862,39.7171],[41.7821,39.7187],[41.7799,39.7167],[41.7803,39.7129],[41.7794,39.711],[41.7809,39.7074],[41.7804,39.7047],[41.7766,39.7025],[41.7752,39.6984],[41.7729,39.6948],[41.7661,39.6908],[41.763,39.6835]]]},"properties":{"ad":"Karayazı"}},
{"type":"Feature","geometry":{"type":"Polygon","coordinates":[[[41.8842,39.2095],[41.9009,39.2125],[41.9211,39.2168],[41.9347,39.2159],[41.9612,39.211],[41.9709,39.2191],[41.9782,39.2272],[41.9851,39.2337],[41.9952,39.2403],[41.999,39.2392],[42.0214,39.2477],[42.0255,39.2526],[42.0326,39.2505],[42.0377,39.2509],[42.0504,39.2491],[42.0526,39.255],[42.0577,39.2581],[42.0584,39.2643],[42.0647,39.2728],[42.0872,39.2775],[42.093,39.2779],[42.1011,39.2802],[42.1145,39.2798],[42.1228,39.2848],[42.1291,39.2845],[42.1325,39.2824],[42.1387,39.282],[42.1457,39.2835],[42.1473,39.2856],[42.1544,39.2899],[42.1557,39.2991],[42.1607,39.3011],[42.1597,39.3058],[42.1713,39.3059],[42.1753,39.3079],[42.1737,39.3115],[42.1752,39.3153],[42.1713,39.3208],[42.1752,39.3249],[42.181,39.3194],[42.1902,39.3125],[42.1984,39.3092],[42.2107,39.3165],[42.2131,39.3256],[42.2204,39.3404],[42.2285,39.3432],[42.2325,39.3454],[42.2329,39.3488],[42.2297,39.355],[42.2229,39.3545],[42.2163,39.3516],[42.2109,39.3575],[42.209,39.3599],[42.2056,39.3601],[42.1989,39.3581],[42.1953,39.3666],[42.1889,39.3825],[42.1817,39.3883],[42.1793,39.3944],[42.1889,39.3995],[42.1924,39.3997],[42.204,39.4069],[42.2056,39.42],[42.2125,39.4277],[42.2242,39.4292],[42.2288,39.433],[42.2395,39.4344],[42.2254,39.4491],[42.2213,39.4493],[42.2182,39.4462],[42.2135,39.4457],[42.2105,39.4509],[42.2054,39.457],[42.1962,39.4572],[42.1862,39.4602],[42.1799,39.4619],[42.1748,39.4607],[42.1701,39.4517],[42.1649,39.4482],[42.1525,39.4495],[42.1523,39.4447],[42.1446,39.4388],[42.1382,39.4357],[42.1314,39.4302],[42.1262,39.4298],[42.1211,39.436],[42.1169,39.4321],[42.1134,39.4364],[42.1038,39.4372],[42.1002,39.449],[42.1008,39.4592],[42.1093,39.4783],[42.0894,39.4834],[42.0717,39.4793],[42.0578,39.4842],[42.0455,39.4729],[42.0376,39.4616],[42.0343,39.4521],[42.0198,39.4416],[42.0099,39.4469],[41.9946,39.446],[41.9796,39.4401],[41.9763,39.4355],[41.9724,39.4342],[41.9696,39.43],[41.9692,39.4251],[41.9674,39.4215],[41.9597,39.4212],[41.9545,39.4194],[41.949,39.4143],[41.9396,39.413],[41.9295,39.4103],[41.9231,39.4013],[41.9165,39.4008],[41.9111,39.3983],[41.9113,39.3921],[41.908,39.3881],[41.8992,39.3849],[41.8953,39.3815],[41.8937,39.3732],[41.8942,39.3658],[41.902,39.349],[41.902,39.342],[41.9002,39.3332],[41.8998,39.3289],[41.9036,39.3269],[41.9064,39.3225],[41.9064,39.3104],[41.9027,39.3036],[41.8926,39.289],[41.9037,39.2762],[41.9014,39.2702],[41.8964,39.2636],[41.8912,39.2552],[41.8899,39.2483],[41.8853,39.2426],[41.8851,39.2384],[41.8824,39.2313],[41.8813,39.2224],[41.878,39.2171],[41.8842,39.2095]]]},"properties":{"ad":"Karaçoban"}},
{"type":"Feature","geometry":{"type":"Polygon","coordinates":[[[41.8993,40.1615],[41.9017,40.1588],[41.9004,40.1558],[41.901,40.1526],[41.9023,40.1507],[41.9028,40.1444],[41.9023,40.1417],[41.9029,40.1364],[41.9002,40.1355],[41.8995,40.131],[41.9032,40.1289],[41.9018,40.1226],[41.9055,40.1164],[41.9041,40.114],[41.9043,40.1108],[41.9024,40.1085],[41.9066,40.1038],[41.9094,40.103],[41.9095,40.0993],[41.9081,40.096],[41.91,40.0894],[41.9085,40.0876],[41.9118,40.0858],[41.9132,40.082],[41.9131,40.0797],[41.9078,40.0773],[41.9051,40.0731],[41.8986,40.071],[41.894,40.0647],[41.8935,40.0637],[41.8925,40.0627],[41.8926,40.0621],[41.8916,40.0606],[41.8898,40.0574],[41.8898,40.0565],[41.8883,40.0544],[41.8862,40.052],[41.8853,40.0486],[41.8848,40.0475],[41.8854,40.0462],[41.8833,40.0454],[41.8805,40.0444],[41.8805,40.0435],[41.8793,40.0435],[41.8766,40.0413],[41.8725,40.0387],[41.8685,40.0363],[41.8658,40.0322],[41.8675,40.0305],[41.8725,40.0284],[41.8762,40.026],[41.8794,40.0259],[41.8793,40.0294],[41.8813,40.0323],[41.8822,40.0358],[41.8841,40.0377],[41.8896,40.0396],[41.901,40.0426],[41.9079,40.046],[41.9173,40.0484],[41.9192,40.0475],[41.9213,40.0441],[41.9256,40.0463],[41.9307,40.0468],[41.9307,40.0519],[41.9392,40.0549],[41.9413,40.0542],[41.9407,40.0468],[41.9453,40.0493],[41.9475,40.0487],[41.9468,40.0452],[41.9541,40.0442],[41.9587,40.0401],[41.9625,40.0355],[41.965,40.0298],[41.9695,40.0263],[41.9683,40.0242],[41.9638,40.0228],[41.9617,40.0206],[41.9503,40.0169],[41.9536,40.0119],[41.9569,40.0117],[41.9625,40.0061],[41.9821,40.0122],[41.9896,40.0005],[41.9898,39.996],[41.9923,39.9956],[41.9939,39.9927],[41.9976,39.9927],[42,39.9944],[42.0026,39.9937],[42.0018,39.9917],[42.0028,39.9897],[42.0067,39.9897],[42.0096,39.9865],[42.0092,39.9835],[42.0119,39.9804],[42.0125,39.9757],[42.0145,39.9711],[42.0102,39.9716],[42.0047,39.9719],[42.0045,39.9697],[42.0087,39.9688],[42.0104,39.9666],[42.0082,39.964],[42.0081,39.958],[42.0072,39.9549],[42.008,39.9495],[42.0052,39.9455],[42.0053,39.9444],[42.0047,39.941],[42.0054,39.9344],[42.0026,39.9263],[42.0092,39.9209],[42.0171,39.9215],[42.0201,39.9165],[42.0239,39.9159],[42.0294,39.9157],[42.0306,39.9145],[42.0308,39.9085],[42.0357,39.902],[42.0399,39.9004],[42.0415,39.8969],[42.046,39.8947],[42.0491,39.891],[42.055,39.8899],[42.0524,39.8833],[42.0546,39.8744],[42.0589,39.8719],[42.0617,39.8648],[42.0593,39.8595],[42.0645,39.8568],[42.0662,39.8543],[42.0631,39.8526],[42.0599,39.8525],[42.0579,39.8486],[42.0509,39.8471],[42.046,39.8425],[42.0402,39.8435],[42.0354,39.8419],[42.0341,39.8383],[42.0317,39.8359],[42.0267,39.8363],[42.0292,39.8324],[42.0359,39.8376],[42.0429,39.8388],[42.0473,39.8378],[42.0533,39.8316],[42.0638,39.8336],[42.0678,39.8315],[42.0726,39.8307],[42.0734,39.8287],[42.0722,39.8263],[42.0831,39.8313],[42.0927,39.8339],[42.0996,39.8371],[42.1085,39.8366],[42.1127,39.8402],[42.1271,39.84],[42.1397,39.8448],[42.1637,39.8445],[42.1716,39.8483],[42.1791,39.848],[42.1938,39.8533],[42.1997,39.8503],[42.2054,39.8514],[42.2131,39.8592],[42.2292,39.8579],[42.2451,39.8605],[42.2611,39.8585],[42.2725,39.8583],[42.3005,39.8514],[42.3093,39.8547],[42.3192,39.8661],[42.3297,39.8675],[42.3441,39.8691],[42.3566,39.8641],[42.3585,39.8739],[42.373,39.8776],[42.3865,39.8819],[42.3955,39.8912],[42.4068,39.8923],[42.4178,39.8978],[42.4266,39.903],[42.4315,39.8983],[42.4359,39.9052],[42.4405,39.9117],[42.4347,39.9159],[42.4373,39.92],[42.4357,39.9243],[42.4434,39.924],[42.4499,39.92],[42.4515,39.9167],[42.4579,39.9136],[42.4874,39.9096],[42.4947,39.904],[42.5004,39.912],[42.522,39.9092],[42.5296,39.9138],[42.5248,39.9223],[42.5277,39.9239],[42.5364,39.922],[42.5534,39.9255],[42.552,39.9311],[42.5567,39.9346],[42.5497,39.9378],[42.5425,39.9474],[42.5435,39.9618],[42.5467,39.9633],[42.5487,39.9691],[42.5505,39.9643],[42.5555,39.9647],[42.555,39.9731],[42.5588,39.9753],[42.5613,39.9839],[42.5555,39.9914],[42.5463,39.9956],[42.549,39.9994],[42.5457,40.0047],[42.5364,40.0062],[42.535,40.016],[42.5012,40.0266],[42.4935,40.0392],[42.4882,40.0398],[42.4776,40.0522],[42.4729,40.0507],[42.4647,40.0494],[42.4532,40.0502],[42.4538,40.0611],[42.4437,40.057],[42.4465,40.0694],[42.4307,40.0824],[42.4274,40.0948],[42.4299,40.0969],[42.4286,40.0997],[42.4195,40.1113],[42.4141,40.1197],[42.4122,40.1195],[42.4032,40.1235],[42.3919,40.1162],[42.3912,40.1249],[42.3908,40.1349],[42.3875,40.1381],[42.3854,40.1428],[42.3831,40.1456],[42.3809,40.1493],[42.3731,40.1512],[42.3663,40.1629],[42.3654,40.1706],[42.3633,40.1753],[42.3498,40.1707],[42.3413,40.1621],[42.3389,40.1666],[42.3344,40.1689],[42.3339,40.1742],[42.3208,40.1811],[42.3169,40.1791],[42.3129,40.1823],[42.2988,40.1764],[42.2956,40.1815],[42.2972,40.1912],[42.2941,40.193],[42.2969,40.1973],[42.2949,40.2],[42.2874,40.2007],[42.2781,40.2148],[42.2734,40.2137],[42.2703,40.2145],[42.2622,40.2093],[42.258,40.2111],[42.2461,40.2116],[42.2398,40.2074],[42.2314,40.2086],[42.2292,40.2039],[42.2253,40.2029],[42.2218,40.2068],[42.2165,40.206],[42.2025,40.2192],[42.191,40.2323],[42.1849,40.2358],[42.1766,40.2384],[42.1697,40.2414],[42.1582,40.2388],[42.1551,40.2487],[42.1457,40.2376],[42.1361,40.2329],[42.1316,40.2421],[42.1105,40.2557],[42.1126,40.2609],[42.1007,40.2605],[42.1205,40.2675],[42.1155,40.2735],[42.1152,40.2843],[42.1081,40.2879],[42.1087,40.2951],[42.1057,40.2978],[42.1032,40.3019],[42.1008,40.3132],[42.0821,40.3082],[42.0701,40.2941],[42.0542,40.2876],[42.0409,40.2668],[42.0257,40.2554],[42.0244,40.2372],[42.0154,40.2301],[41.9839,40.2211],[41.9816,40.212],[41.942,40.2025],[41.9301,40.1847],[41.9224,40.1748],[41.9162,40.1733],[41.9062,40.1652],[41.8993,40.1615]]]},"properties":{"ad":"Horasan"}},
{"type":"Feature","geometry":{"type":"Polygon","coordinates":[[[42.2044,40.7283],[42.2001,40.7193],[42.2069,40.7131],[42.2158,40.7113],[42.218,40.703],[42.2169,40.6981],[42.2094,40.6937],[42.2041,40.6876],[42.2044,40.6796],[42.2091,40.6748],[42.2096,40.6743],[42.2098,40.6739],[42.21,40.6734],[42.21,40.6728],[42.21,40.6724],[42.2101,40.672],[42.2102,40.6712],[42.2104,40.6694],[42.2106,40.6686],[42.2112,40.668],[42.2114,40.6676],[42.2117,40.6672],[42.2118,40.6669],[42.212,40.6664],[42.2123,40.6651],[42.2125,40.6648],[42.213,40.6643],[42.2131,40.6641],[42.2128,40.6636],[42.2122,40.6632],[42.2109,40.6624],[42.2106,40.662],[42.2106,40.6616],[42.2109,40.6613],[42.2115,40.6603],[42.212,40.6596],[42.2121,40.6595],[42.2117,40.6588],[42.2112,40.6585],[42.2109,40.6583],[42.2106,40.6579],[42.2103,40.6575],[42.2107,40.6565],[42.1968,40.6569],[42.1813,40.6524],[42.1747,40.6487],[42.1717,40.6451],[42.1721,40.6424],[42.1761,40.6389],[42.1786,40.6278],[42.1761,40.621],[42.1661,40.6107],[42.1723,40.6027],[42.1653,40.5921],[42.1695,40.5892],[42.1723,40.591],[42.1769,40.5879],[42.1734,40.5727],[42.1721,40.5558],[42.1608,40.5479],[42.162,40.5452],[42.1744,40.5406],[42.1842,40.5325],[42.1868,40.5198],[42.184,40.5095],[42.1891,40.5004],[42.1835,40.4878],[42.1769,40.4862],[42.1569,40.4614],[42.1538,40.4504],[42.1608,40.444],[42.1583,40.4345],[42.1691,40.4174],[42.1742,40.4156],[42.1791,40.4178],[42.1857,40.4199],[42.1869,40.4138],[42.194,40.4096],[42.1995,40.4117],[42.2032,40.4066],[42.2061,40.3996],[42.2091,40.3929],[42.2083,40.3826],[42.2138,40.3734],[42.2147,40.3507],[42.2109,40.3487],[42.2155,40.3471],[42.2262,40.3504],[42.2447,40.3474],[42.2434,40.352],[42.2564,40.3588],[42.2742,40.3641],[42.2791,40.3726],[42.2982,40.3745],[42.3109,40.3796],[42.3258,40.3873],[42.3374,40.3768],[42.3518,40.376],[42.366,40.3797],[42.3753,40.3799],[42.3821,40.376],[42.3886,40.3744],[42.3871,40.3673],[42.3917,40.364],[42.3959,40.3631],[42.4016,40.3671],[42.4051,40.3656],[42.4042,40.3756],[42.4147,40.3856],[42.4317,40.3868],[42.4414,40.3914],[42.4464,40.3969],[42.4662,40.3827],[42.4882,40.3918],[42.4866,40.4029],[42.4773,40.4076],[42.482,40.43],[42.4771,40.4332],[42.4811,40.4456],[42.4759,40.4686],[42.4782,40.482],[42.4792,40.4915],[42.4695,40.497],[42.4622,40.5132],[42.4858,40.5223],[42.5008,40.5366],[42.5096,40.5431],[42.5198,40.559],[42.517,40.5727],[42.5291,40.5841],[42.5413,40.5885],[42.5448,40.6042],[42.554,40.6107],[42.5689,40.6144],[42.5766,40.6128],[42.5776,40.6225],[42.6024,40.6292],[42.5922,40.6311],[42.6112,40.653],[42.6202,40.6801],[42.5992,40.6935],[42.598,40.7121],[42.5808,40.7317],[42.5937,40.7464],[42.5736,40.753],[42.5638,40.7771],[42.5511,40.78],[42.5448,40.7785],[42.5371,40.7817],[42.5274,40.7823],[42.5256,40.7873],[42.5106,40.7926],[42.5053,40.7874],[42.4941,40.7885],[42.4881,40.786],[42.4922,40.7916],[42.4982,40.7919],[42.5001,40.8037],[42.4922,40.8059],[42.4884,40.813],[42.4872,40.8178],[42.4775,40.8217],[42.4688,40.8196],[42.4628,40.8285],[42.4449,40.8292],[42.4343,40.8159],[42.4247,40.8166],[42.4208,40.8114],[42.4213,40.8075],[42.4162,40.8066],[42.4138,40.8033],[42.3984,40.7946],[42.3936,40.7882],[42.3721,40.7917],[42.3673,40.7938],[42.3603,40.7924],[42.3589,40.7985],[42.359,40.8072],[42.3414,40.8065],[42.3402,40.8098],[42.3387,40.8104],[42.3407,40.817],[42.3354,40.8215],[42.3438,40.8232],[42.3567,40.826],[42.3418,40.828],[42.3294,40.8261],[42.3201,40.8295],[42.3202,40.8352],[42.3203,40.8374],[42.3165,40.8348],[42.3146,40.8291],[42.3098,40.8281],[42.3047,40.8248],[42.3024,40.819],[42.2973,40.8168],[42.292,40.8192],[42.2843,40.8167],[42.277,40.816],[42.2727,40.8123],[42.2685,40.8119],[42.2618,40.8139],[42.2584,40.8139],[42.2574,40.8059],[42.2542,40.8026],[42.2537,40.795],[42.2554,40.7914],[42.2545,40.7883],[42.2525,40.7885],[42.2522,40.7848],[42.2486,40.7821],[42.2352,40.7796],[42.2287,40.7737],[42.2249,40.7737],[42.2228,40.7694],[42.2258,40.7624],[42.2202,40.7558],[42.2097,40.7365],[42.2007,40.7323],[42.2044,40.7283]]]},"properties":{"ad":"Şenkaya"}},
{"type":"Feature","geometry":{"type":"Polygon","coordinates":[[[41.8681,40.7878],[41.8777,40.7869],[41.8846,40.7843],[41.8919,40.786],[41.8961,40.7856],[41.8976,40.7836],[41.9029,40.7827],[41.9047,40.7758],[41.9121,40.7684],[41.9195,40.7593],[41.926,40.7579],[41.9276,40.7561],[41.9306,40.7555],[41.9294,40.7502],[41.9306,40.7474],[41.9302,40.7428],[41.9315,40.7407],[41.9315,40.7384],[41.9341,40.7382],[41.9361,40.7367],[41.934,40.7309],[41.9436,40.7288],[41.9495,40.7313],[41.9527,40.7359],[41.9559,40.7384],[41.9653,40.738],[41.9696,40.7343],[41.9748,40.7336],[41.98,40.7342],[41.9867,40.732],[41.9925,40.7327],[41.9968,40.7349],[42.0012,40.735],[42.0053,40.7371],[42.0131,40.7378],[42.0249,40.7346],[42.036,40.7259],[42.0467,40.7132],[42.0483,40.7086],[42.0481,40.7061],[42.0591,40.709],[42.0672,40.71],[42.0755,40.7083],[42.0833,40.7104],[42.0819,40.7138],[42.087,40.7172],[42.1168,40.7205],[42.1359,40.7247],[42.1453,40.7235],[42.1641,40.7214],[42.1687,40.7219],[42.1701,40.7202],[42.1706,40.7163],[42.1816,40.7149],[42.1916,40.7136],[42.2044,40.7283],[42.2007,40.7323],[42.2097,40.7365],[42.2202,40.7558],[42.2258,40.7624],[42.2228,40.7694],[42.2249,40.7737],[42.2287,40.7737],[42.2352,40.7796],[42.2486,40.7821],[42.2522,40.7848],[42.2525,40.7885],[42.2545,40.7883],[42.2554,40.7914],[42.2537,40.795],[42.2542,40.8026],[42.2574,40.8059],[42.2584,40.8139],[42.2618,40.8139],[42.2685,40.8119],[42.2727,40.8123],[42.277,40.816],[42.2843,40.8167],[42.292,40.8192],[42.2973,40.8168],[42.3024,40.819],[42.3047,40.8248],[42.3098,40.8281],[42.3146,40.8291],[42.3165,40.8348],[42.3203,40.8374],[42.3202,40.8352],[42.3201,40.8295],[42.3294,40.8261],[42.3324,40.8293],[42.3409,40.8537],[42.3502,40.8535],[42.3571,40.8567],[42.3587,40.8695],[42.3641,40.8954],[42.3595,40.8937],[42.334,40.8989],[42.3285,40.897],[42.3159,40.8826],[42.3181,40.8906],[42.3237,40.8988],[42.3288,40.9076],[42.3313,40.9123],[42.35,40.9211],[42.3472,40.9229],[42.3499,40.9254],[42.3479,40.9282],[42.3453,40.9288],[42.3423,40.931],[42.3389,40.9321],[42.3345,40.9328],[42.3316,40.9385],[42.3178,40.9379],[42.3179,40.9329],[42.315,40.9295],[42.3094,40.9289],[42.3071,40.9277],[42.3017,40.9274],[42.2985,40.9254],[42.2946,40.9254],[42.2897,40.9242],[42.2815,40.9249],[42.2772,40.9228],[42.2711,40.9323],[42.2654,40.9371],[42.2565,40.9349],[42.24,40.9387],[42.2352,40.945],[42.2334,40.962],[42.2279,40.9655],[42.2197,40.9672],[42.2138,40.9657],[42.2091,40.9666],[42.1972,40.9639],[42.18,40.9634],[42.1751,40.9708],[42.164,40.9703],[42.16,40.9652],[42.1562,40.9636],[42.1508,40.9624],[42.1416,40.9595],[42.1348,40.9586],[42.1297,40.9636],[42.1197,40.966],[42.1123,40.9659],[42.104,40.9668],[42.0902,40.9656],[42.0777,40.9718],[42.071,40.9703],[42.0652,40.9712],[42.0576,40.9699],[42.0514,40.9694],[42.0489,40.9671],[42.0436,40.9661],[42.0367,40.9653],[42.0315,40.9652],[42.023,40.9673],[42.0154,40.9711],[42.0112,40.9749],[42.006,40.976],[41.9999,40.9734],[41.9951,40.9736],[41.9926,40.9715],[41.9832,40.9699],[41.9739,40.971],[41.9634,40.9733],[41.9595,40.9695],[41.9518,40.9639],[41.9474,40.9625],[41.9382,40.9507],[41.9376,40.9458],[41.9308,40.9339],[41.9187,40.929],[41.9146,40.9361],[41.8986,40.9381],[41.8893,40.9163],[41.8806,40.9184],[41.8702,40.9035],[41.8496,40.8947],[41.8485,40.873],[41.8363,40.8595],[41.8471,40.851],[41.8559,40.8466],[41.8692,40.8342],[41.8703,40.8196],[41.8735,40.8059],[41.87,40.8005],[41.8681,40.7899],[41.8681,40.7878]]]},"properties":{"ad":"Olur"}},
{"type":"Feature","geometry":{"type":"Polygon","coordinates":[[[41.6701,39.813],[41.6733,39.81],[41.6895,39.809],[41.6851,39.7926],[41.6836,39.7893],[41.6877,39.7808],[41.6923,39.7789],[41.7076,39.7619],[41.7075,39.759],[41.7188,39.759],[41.7295,39.7534],[41.7302,39.7456],[41.7244,39.7422],[41.7236,39.7378],[41.7256,39.733],[41.7261,39.7284],[41.7227,39.7246],[41.729,39.718],[41.734,39.7076],[41.7377,39.7073],[41.7429,39.7003],[41.7393,39.6982],[41.7464,39.6894],[41.763,39.6835],[41.7661,39.6908],[41.7729,39.6948],[41.7752,39.6984],[41.7766,39.7025],[41.7804,39.7047],[41.7809,39.7074],[41.7794,39.711],[41.7803,39.7129],[41.7799,39.7167],[41.7821,39.7187],[41.7862,39.7171],[41.792,39.7135],[41.7963,39.7083],[41.7987,39.7065],[41.8001,39.7023],[41.8115,39.7001],[41.8156,39.7013],[41.8189,39.7043],[41.8235,39.7048],[41.8352,39.7006],[41.8307,39.7083],[41.8237,39.7154],[41.825,39.7228],[41.8256,39.7278],[41.8341,39.7281],[41.8392,39.7264],[41.8548,39.7244],[41.859,39.7248],[41.8644,39.7231],[41.8768,39.7237],[41.8903,39.7284],[41.897,39.7221],[41.9039,39.7175],[41.9054,39.7182],[41.9008,39.7252],[41.8953,39.7298],[41.8895,39.7321],[41.8836,39.7376],[41.8849,39.7439],[41.8823,39.7475],[41.8845,39.754],[41.8898,39.7547],[41.8944,39.7605],[41.8954,39.7633],[41.8943,39.7653],[41.8957,39.7691],[41.8951,39.7736],[41.9001,39.7763],[41.9017,39.7795],[41.9084,39.7849],[41.9132,39.7874],[41.9197,39.7848],[41.9259,39.7807],[41.9314,39.7792],[41.9332,39.7802],[41.9353,39.7835],[41.9397,39.7844],[41.9422,39.7853],[41.9401,39.7898],[41.9396,39.7926],[41.9373,39.794],[41.938,39.7965],[41.9378,39.7996],[41.9383,39.8047],[41.9369,39.8078],[41.9378,39.8099],[41.9526,39.8076],[41.9661,39.8095],[41.9772,39.8067],[41.9918,39.8067],[42.0047,39.809],[42.0161,39.8051],[42.0193,39.808],[42.024,39.8091],[42.0293,39.804],[42.0357,39.8011],[42.0421,39.8025],[42.0534,39.8011],[42.0555,39.7982],[42.0605,39.794],[42.0666,39.7917],[42.0719,39.7935],[42.0756,39.7966],[42.0756,39.7982],[42.075,39.806],[42.0726,39.8127],[42.0608,39.8142],[42.0633,39.8189],[42.0722,39.8263],[42.0734,39.8287],[42.0726,39.8307],[42.0678,39.8315],[42.0638,39.8336],[42.0533,39.8316],[42.0473,39.8378],[42.0429,39.8388],[42.0359,39.8376],[42.0292,39.8324],[42.0267,39.8363],[42.0317,39.8359],[42.0341,39.8383],[42.0354,39.8419],[42.0402,39.8435],[42.046,39.8425],[42.0509,39.8471],[42.0579,39.8486],[42.0599,39.8525],[42.0631,39.8526],[42.0662,39.8543],[42.0645,39.8568],[42.0593,39.8595],[42.0617,39.8648],[42.0589,39.8719],[42.0546,39.8744],[42.0524,39.8833],[42.055,39.8899],[42.0491,39.891],[42.046,39.8947],[42.0415,39.8969],[42.0399,39.9004],[42.0357,39.902],[42.0308,39.9085],[42.0306,39.9145],[42.0294,39.9157],[42.0239,39.9159],[42.0201,39.9165],[42.0171,39.9215],[42.0092,39.9209],[42.0026,39.9263],[42.0054,39.9344],[42.0047,39.941],[42.0053,39.9444],[42.0052,39.9455],[42.008,39.9495],[42.0072,39.9549],[42.0081,39.958],[42.0082,39.964],[42.0104,39.9666],[42.0087,39.9688],[42.0045,39.9697],[42.0047,39.9719],[42.0102,39.9716],[42.0145,39.9711],[42.0125,39.9757],[42.0119,39.9804],[42.0092,39.9835],[42.0096,39.9865],[42.0067,39.9897],[42.0028,39.9897],[42.0018,39.9917],[42.0026,39.9937],[42,39.9944],[41.9976,39.9927],[41.9939,39.9927],[41.9923,39.9956],[41.9898,39.996],[41.9896,40.0005],[41.9821,40.0122],[41.9625,40.0061],[41.9569,40.0117],[41.9536,40.0119],[41.9503,40.0169],[41.9617,40.0206],[41.9638,40.0228],[41.9683,40.0242],[41.9695,40.0263],[41.965,40.0298],[41.9625,40.0355],[41.9587,40.0401],[41.9541,40.0442],[41.9468,40.0452],[41.9475,40.0487],[41.9453,40.0493],[41.9407,40.0468],[41.9413,40.0542],[41.9392,40.0549],[41.9307,40.0519],[41.9307,40.0468],[41.9256,40.0463],[41.9213,40.0441],[41.9192,40.0475],[41.9173,40.0484],[41.9079,40.046],[41.901,40.0426],[41.8896,40.0396],[41.8841,40.0377],[41.8822,40.0358],[41.8813,40.0323],[41.8793,40.0294],[41.8794,40.0259],[41.8762,40.026],[41.8725,40.0284],[41.8675,40.0305],[41.8658,40.0322],[41.8685,40.0363],[41.8725,40.0387],[41.8766,40.0413],[41.8793,40.0435],[41.8805,40.0435],[41.8805,40.0444],[41.8833,40.0454],[41.8854,40.0462],[41.8848,40.0475],[41.8853,40.0486],[41.8862,40.052],[41.8883,40.0544],[41.8898,40.0565],[41.8898,40.0574],[41.8916,40.0606],[41.8926,40.0621],[41.8925,40.0627],[41.8935,40.0637],[41.894,40.0647],[41.8986,40.071],[41.9051,40.0731],[41.9078,40.0773],[41.9131,40.0797],[41.9132,40.082],[41.9118,40.0858],[41.9085,40.0876],[41.91,40.0894],[41.9081,40.096],[41.9095,40.0993],[41.9094,40.103],[41.9066,40.1038],[41.9024,40.1085],[41.9043,40.1108],[41.9041,40.114],[41.9055,40.1164],[41.9018,40.1226],[41.9032,40.1289],[41.8995,40.131],[41.9002,40.1355],[41.9029,40.1364],[41.9023,40.1417],[41.9028,40.1444],[41.9023,40.1507],[41.901,40.1526],[41.9004,40.1558],[41.9017,40.1588],[41.8993,40.1615],[41.8928,40.1597],[41.8877,40.161],[41.8846,40.1605],[41.8796,40.1572],[41.8752,40.1571],[41.869,40.1543],[41.8671,40.1548],[41.8634,40.1536],[41.86,40.1565],[41.8524,40.1547],[41.848,40.1557],[41.8443,40.1582],[41.8388,40.1595],[41.8343,40.157],[41.8299,40.156],[41.8259,40.1569],[41.8242,40.1534],[41.8245,40.1498],[41.819,40.1423],[41.8164,40.135],[41.8183,40.1302],[41.8238,40.1248],[41.8309,40.1223],[41.8357,40.1155],[41.8349,40.1133],[41.8301,40.1116],[41.825,40.1117],[41.8239,40.1105],[41.8254,40.1084],[41.8272,40.1049],[41.8263,40.1036],[41.8224,40.102],[41.8245,40.0987],[41.8266,40.0976],[41.8266,40.0955],[41.8285,40.0943],[41.8282,40.0909],[41.831,40.0888],[41.8283,40.0866],[41.8291,40.0838],[41.8264,40.0789],[41.8291,40.0742],[41.8215,40.0705],[41.82,40.0681],[41.8158,40.0664],[41.8148,40.0637],[41.8055,40.0591],[41.8054,40.0553],[41.8084,40.0526],[41.8079,40.0468],[41.8096,40.0447],[41.8139,40.0444],[41.8162,40.0397],[41.8231,40.0409],[41.8302,40.0435],[41.8337,40.0288],[41.8372,40.0144],[41.8334,40.0127],[41.8372,40.0073],[41.838,40.0048],[41.8396,40.0035],[41.8409,40.0007],[41.8364,39.9994],[41.8371,39.9978],[41.835,39.9958],[41.8366,39.9945],[41.8367,39.9915],[41.8378,39.9893],[41.8372,39.9874],[41.8314,39.9873],[41.8296,39.9855],[41.8331,39.9842],[41.8337,39.9799],[41.8376,39.9724],[41.8413,39.9699],[41.8362,39.965],[41.8269,39.9656],[41.8219,39.9668],[41.8201,39.9652],[41.8186,39.9624],[41.8159,39.9618],[41.8112,39.9637],[41.8088,39.9618],[41.8053,39.9609],[41.8036,39.9635],[41.8015,39.9632],[41.798,39.9577],[41.7916,39.9568],[41.7888,39.9545],[41.7892,39.951],[41.7912,39.946],[41.7974,39.9419],[41.8062,39.9352],[41.8073,39.9315],[41.8099,39.926],[41.8054,39.9241],[41.812,39.9191],[41.8136,39.9133],[41.8186,39.908],[41.8163,39.904],[41.8097,39.8995],[41.809,39.8939],[41.8005,39.8878],[41.8038,39.8796],[41.8052,39.8772],[41.8087,39.8787],[41.818,39.8775],[41.8255,39.8782],[41.825,39.8733],[41.829,39.8685],[41.8292,39.8655],[41.8318,39.8615],[41.8351,39.8613],[41.8371,39.8607],[41.8371,39.8572],[41.8383,39.8547],[41.8312,39.851],[41.8283,39.8476],[41.8199,39.8458],[41.8116,39.8461],[41.8094,39.8428],[41.8058,39.8433],[41.8001,39.8416],[41.7962,39.8423],[41.7909,39.8401],[41.7856,39.8404],[41.782,39.8435],[41.7737,39.8424],[41.7705,39.84],[41.7631,39.842],[41.7572,39.8422],[41.7509,39.8409],[41.7492,39.8339],[41.7447,39.8385],[41.7403,39.8401],[41.7332,39.8402],[41.7301,39.8366],[41.723,39.8356],[41.7166,39.8373],[41.7202,39.8416],[41.7155,39.839],[41.7059,39.8384],[41.7018,39.8398],[41.6978,39.8387],[41.6848,39.839],[41.6723,39.8396],[41.6623,39.8386],[41.6622,39.8426],[41.6655,39.8468],[41.6599,39.845],[41.6575,39.8402],[41.6553,39.8344],[41.6587,39.8308],[41.6593,39.823],[41.6648,39.8203],[41.6701,39.813]]]},"properties":{"ad":"Köprüköy"}},
{"type":"Feature","geometry":{"type":"Polygon","coordinates":[[[40.6711,39.6611],[40.6725,39.6595],[40.677,39.6594],[40.6799,39.6608],[40.68,39.6578],[40.6769,39.6569],[40.6761,39.6528],[40.6758,39.6477],[40.6799,39.647],[40.6766,39.643],[40.6798,39.6303],[40.6705,39.6212],[40.6637,39.6162],[40.6609,39.6111],[40.6581,39.6064],[40.6548,39.6005],[40.6531,39.5964],[40.6633,39.5866],[40.6749,39.584],[40.6833,39.5769],[40.6848,39.5714],[40.7015,39.5578],[40.7075,39.5596],[40.743,39.5592],[40.752,39.552],[40.7535,39.5467],[40.749,39.5428],[40.7475,39.5391],[40.7532,39.5389],[40.7532,39.5325],[40.7559,39.5269],[40.7454,39.526],[40.7415,39.5299],[40.7256,39.528],[40.6966,39.526],[40.6654,39.5303],[40.634,39.5276],[40.6246,39.5212],[40.6195,39.5093],[40.6079,39.5023],[40.6096,39.4984],[40.6058,39.4966],[40.6029,39.4995],[40.5955,39.5],[40.5898,39.4966],[40.5877,39.4843],[40.5912,39.4707],[40.5908,39.4643],[40.5832,39.4612],[40.5739,39.4526],[40.5919,39.4442],[40.62,39.4446],[40.6322,39.4421],[40.6352,39.4367],[40.6472,39.4217],[40.6624,39.4222],[40.6792,39.4136],[40.6995,39.4112],[40.7131,39.4077],[40.7212,39.4187],[40.7317,39.422],[40.7388,39.4227],[40.75,39.4225],[40.76,39.4207],[40.7736,39.4258],[40.802,39.4256],[40.8133,39.4322],[40.8235,39.4365],[40.8442,39.4399],[40.8658,39.4471],[40.8838,39.4423],[40.9,39.4532],[40.9091,39.4566],[40.9279,39.454],[40.9505,39.4546],[40.9619,39.4574],[40.9717,39.4574],[40.9759,39.4555],[40.9818,39.4563],[40.9837,39.4615],[40.9829,39.4703],[40.9888,39.4734],[41.0025,39.4741],[41.0097,39.4685],[41.0175,39.4633],[41.03,39.4632],[41.0366,39.4573],[41.0501,39.4398],[41.0538,39.4297],[41.0612,39.4261],[41.0654,39.4265],[41.0739,39.4304],[41.0859,39.4191],[41.094,39.4193],[41.0938,39.4266],[41.0992,39.43],[41.0988,39.4341],[41.1085,39.4344],[41.1155,39.4263],[41.1225,39.4273],[41.1248,39.431],[41.1289,39.4324],[41.1475,39.4135],[41.1666,39.4129],[41.1708,39.4181],[41.1687,39.4257],[41.1627,39.4363],[41.1481,39.4534],[41.1382,39.4589],[41.1379,39.4732],[41.1427,39.4737],[41.1466,39.4785],[41.1451,39.4824],[41.1388,39.4836],[41.1317,39.4841],[41.1296,39.4921],[41.1254,39.5057],[41.1149,39.5041],[41.1096,39.511],[41.1024,39.5119],[41.1048,39.5209],[41.1069,39.5235],[41.1051,39.5272],[41.1063,39.5311],[41.0976,39.535],[41.0934,39.5341],[41.0857,39.5382],[41.0863,39.5433],[41.094,39.5481],[41.0887,39.5564],[41.0833,39.5612],[41.0818,39.5679],[41.0807,39.5879],[41.0863,39.5999],[41.0979,39.6075],[41.1063,39.6124],[41.1203,39.6211],[41.1332,39.6239],[41.1412,39.6285],[41.155,39.6347],[41.1705,39.6402],[41.1765,39.6485],[41.1917,39.6556],[41.1992,39.6611],[41.2028,39.6705],[41.2069,39.6738],[41.2123,39.6855],[41.2117,39.6922],[41.2174,39.6951],[41.2204,39.7011],[41.2144,39.7089],[41.2234,39.7092],[41.2273,39.717],[41.2359,39.7105],[41.2422,39.7099],[41.2524,39.7115],[41.2589,39.7181],[41.2622,39.7317],[41.2724,39.7367],[41.2697,39.7466],[41.253,39.7473],[41.2491,39.7645],[41.2514,39.7688],[41.2441,39.7691],[41.2077,39.7585],[41.1834,39.7555],[41.1755,39.7514],[41.1646,39.7513],[41.1508,39.7519],[41.129,39.7572],[41.1105,39.7553],[41.0922,39.7489],[41.0707,39.7512],[41.0319,39.753],[41.0202,39.7498],[41.0116,39.7405],[41.0099,39.7391],[41.0079,39.7376],[41.0036,39.7368],[41.0001,39.7362],[40.9957,39.7359],[40.9938,39.7354],[40.9886,39.7356],[40.983,39.7346],[40.9802,39.7332],[40.9656,39.7446],[40.9588,39.7455],[40.9528,39.7506],[40.9453,39.7474],[40.933,39.746],[40.9342,39.7518],[40.944,39.7551],[40.9452,39.7602],[40.9432,39.7632],[40.9372,39.7649],[40.9362,39.7695],[40.9285,39.7699],[40.9224,39.7648],[40.915,39.7641],[40.9096,39.7622],[40.9005,39.7563],[40.896,39.7574],[40.8846,39.7542],[40.8879,39.7489],[40.8867,39.745],[40.8897,39.7413],[40.8841,39.7399],[40.8744,39.7392],[40.8707,39.7353],[40.8657,39.7345],[40.8666,39.7302],[40.8618,39.7266],[40.857,39.7259],[40.8536,39.7193],[40.8586,39.7133],[40.8588,39.7096],[40.8574,39.7079],[40.8468,39.7092],[40.8247,39.7068],[40.8032,39.7125],[40.7969,39.7137],[40.7977,39.7073],[40.795,39.7053],[40.7915,39.7061],[40.7734,39.7067],[40.7741,39.7222],[40.7548,39.7315],[40.7336,39.727],[40.7341,39.7208],[40.7238,39.7181],[40.7263,39.711],[40.735,39.7064],[40.7393,39.7024],[40.7057,39.7089],[40.6994,39.7005],[40.697,39.6922],[40.6965,39.6896],[40.7027,39.6868],[40.7011,39.6829],[40.6941,39.679],[40.6936,39.676],[40.6869,39.6718],[40.6833,39.6716],[40.6814,39.6678],[40.6769,39.6694],[40.6738,39.668],[40.6711,39.6611]]]},"properties":{"ad":"Çat"}},
{"type":"Feature","geometry":{"type":"Polygon","coordinates":[[[40.7767,40.5597],[40.7698,40.5609],[40.7645,40.5649],[40.7713,40.5702],[40.789,40.5831],[40.7874,40.5839],[40.7855,40.5838],[40.784,40.5843],[40.7834,40.5855],[40.785,40.5868],[40.7871,40.5876],[40.7887,40.5891],[40.7879,40.5919],[40.7866,40.5956],[40.7814,40.5944],[40.7763,40.595],[40.7742,40.5947],[40.7731,40.5915],[40.7715,40.591],[40.761,40.5947],[40.7606,40.5968],[40.7607,40.5985],[40.7596,40.599],[40.7579,40.6002],[40.7571,40.5997],[40.7559,40.5993],[40.7546,40.599],[40.7532,40.5991],[40.7508,40.5988],[40.7494,40.5986],[40.7477,40.6002],[40.7457,40.6009],[40.7439,40.5998],[40.7425,40.5999],[40.7406,40.5996],[40.7389,40.5995],[40.7377,40.5989],[40.7367,40.5991],[40.736,40.5989],[40.7348,40.5989],[40.7337,40.5981],[40.7329,40.5982],[40.7317,40.5985],[40.7308,40.5984],[40.7289,40.5988],[40.7284,40.5999],[40.7268,40.6005],[40.7248,40.6027],[40.7226,40.603],[40.7204,40.6038],[40.7177,40.604],[40.7173,40.6065],[40.7164,40.6065],[40.7137,40.6044],[40.7123,40.6044],[40.7109,40.6046],[40.7082,40.6028],[40.7071,40.6016],[40.7063,40.6014],[40.7052,40.601],[40.705,40.6005],[40.7038,40.6],[40.7026,40.5988],[40.7022,40.5984],[40.6972,40.5983],[40.6947,40.5974],[40.6933,40.5974],[40.6941,40.596],[40.6942,40.5959],[40.6943,40.5956],[40.6962,40.5948],[40.6978,40.5936],[40.6991,40.5922],[40.6995,40.592],[40.6995,40.5907],[40.6992,40.5894],[40.6996,40.5878],[40.7026,40.5853],[40.7049,40.5817],[40.7058,40.5798],[40.7057,40.5796],[40.7057,40.5786],[40.7062,40.5772],[40.708,40.5766],[40.708,40.5757],[40.7084,40.5747],[40.7076,40.5734],[40.7074,40.5734],[40.7068,40.5728],[40.7066,40.5727],[40.705,40.572],[40.7033,40.5718],[40.7012,40.5708],[40.699,40.5709],[40.6966,40.5691],[40.6955,40.5679],[40.6936,40.5672],[40.6927,40.5661],[40.6918,40.5664],[40.6905,40.5649],[40.6902,40.5652],[40.6892,40.5638],[40.6873,40.5635],[40.686,40.5628],[40.6846,40.5625],[40.6823,40.5625],[40.6811,40.5628],[40.6787,40.5624],[40.6765,40.5636],[40.6742,40.5645],[40.6713,40.5652],[40.6686,40.5659],[40.6666,40.566],[40.6623,40.567],[40.6575,40.571],[40.6507,40.5677],[40.6466,40.5639],[40.6418,40.5665],[40.6239,40.5629],[40.6223,40.5595],[40.6192,40.5583],[40.6143,40.5596],[40.6059,40.5574],[40.5985,40.5546],[40.5871,40.5527],[40.5776,40.5557],[40.5756,40.5551],[40.5747,40.5435],[40.5768,40.5365],[40.5858,40.5268],[40.5865,40.5203],[40.5948,40.5137],[40.5841,40.5061],[40.5775,40.4967],[40.5704,40.497],[40.569,40.4928],[40.565,40.489],[40.5619,40.4757],[40.5546,40.4535],[40.5468,40.4376],[40.5551,40.4271],[40.555,40.4195],[40.5591,40.413],[40.5603,40.4071],[40.5661,40.3954],[40.5816,40.389],[40.5819,40.3821],[40.5851,40.377],[40.5883,40.3694],[40.5881,40.3664],[40.5897,40.3607],[40.5862,40.3557],[40.5774,40.353],[40.5734,40.3484],[40.5566,40.347],[40.5511,40.3504],[40.5419,40.3576],[40.533,40.3602],[40.5247,40.3591],[40.5038,40.3741],[40.4937,40.3693],[40.4894,40.3675],[40.4784,40.3634],[40.4852,40.3573],[40.4895,40.3556],[40.4915,40.353],[40.4915,40.3498],[40.4869,40.3411],[40.4946,40.3391],[40.5024,40.3314],[40.5104,40.3248],[40.5221,40.313],[40.5226,40.2979],[40.5158,40.2902],[40.5085,40.2861],[40.5077,40.2786],[40.4997,40.272],[40.5163,40.2644],[40.5286,40.2579],[40.5433,40.2525],[40.5587,40.2587],[40.5835,40.259],[40.5912,40.2505],[40.608,40.2553],[40.6191,40.2624],[40.6364,40.2718],[40.6549,40.2785],[40.6669,40.2863],[40.688,40.3023],[40.7054,40.3148],[40.7221,40.32],[40.7315,40.3257],[40.7299,40.3229],[40.7374,40.3035],[40.7417,40.3129],[40.7422,40.3167],[40.7488,40.306],[40.7486,40.2887],[40.7549,40.3002],[40.7551,40.3021],[40.7555,40.3028],[40.7566,40.3036],[40.7572,40.3046],[40.7574,40.3069],[40.76,40.3081],[40.763,40.3085],[40.7663,40.3095],[40.7656,40.3102],[40.7656,40.3112],[40.7662,40.3116],[40.7663,40.3131],[40.7661,40.3137],[40.7654,40.3143],[40.7653,40.316],[40.7647,40.3168],[40.7623,40.3178],[40.7613,40.3181],[40.7578,40.3256],[40.7599,40.3295],[40.7596,40.331],[40.7621,40.329],[40.7636,40.329],[40.7651,40.3271],[40.7663,40.3268],[40.768,40.3256],[40.7707,40.3238],[40.7724,40.3221],[40.7764,40.3186],[40.7839,40.3189],[40.7868,40.3199],[40.7898,40.313],[40.8036,40.3159],[40.8061,40.3194],[40.7984,40.3225],[40.7974,40.3228],[40.7977,40.3261],[40.7981,40.3266],[40.7963,40.3296],[40.8058,40.3402],[40.7982,40.3441],[40.7993,40.344],[40.7998,40.3453],[40.8011,40.3476],[40.8019,40.3476],[40.8018,40.3493],[40.8032,40.3501],[40.8105,40.3497],[40.8116,40.3506],[40.8132,40.35],[40.8163,40.3501],[40.8212,40.3521],[40.8247,40.3512],[40.8257,40.3512],[40.8264,40.3517],[40.8302,40.3511],[40.8312,40.3513],[40.8351,40.3485],[40.8406,40.343],[40.8423,40.3413],[40.8431,40.3416],[40.8439,40.3413],[40.8469,40.3385],[40.8464,40.3401],[40.8465,40.342],[40.845,40.3446],[40.8444,40.3453],[40.8434,40.347],[40.842,40.3487],[40.8447,40.3493],[40.849,40.3495],[40.8515,40.3502],[40.8527,40.3503],[40.8556,40.351],[40.8566,40.3514],[40.8589,40.3523],[40.8602,40.3543],[40.8612,40.3543],[40.8628,40.3549],[40.8635,40.3555],[40.8641,40.3566],[40.865,40.3571],[40.8669,40.3576],[40.868,40.3578],[40.8689,40.3585],[40.8645,40.3576],[40.8569,40.3538],[40.8504,40.3543],[40.8491,40.3575],[40.851,40.3616],[40.8364,40.3646],[40.8253,40.3637],[40.8124,40.3643],[40.8246,40.3664],[40.8171,40.3707],[40.815,40.374],[40.8234,40.3813],[40.8178,40.3844],[40.8194,40.3886],[40.8232,40.3901],[40.8217,40.3929],[40.8213,40.3958],[40.8187,40.3979],[40.8207,40.4],[40.8136,40.4002],[40.8156,40.4063],[40.8115,40.4073],[40.8106,40.408],[40.8102,40.4081],[40.8102,40.4086],[40.8106,40.4088],[40.8108,40.4111],[40.8116,40.4118],[40.8115,40.412],[40.8122,40.4129],[40.8118,40.4141],[40.8124,40.4144],[40.8126,40.4151],[40.8125,40.4178],[40.8123,40.4182],[40.8115,40.4191],[40.8113,40.4196],[40.8122,40.4212],[40.8142,40.4232],[40.8135,40.4241],[40.8131,40.4251],[40.8108,40.4253],[40.8121,40.4282],[40.8113,40.4296],[40.8115,40.432],[40.8129,40.4335],[40.8138,40.4331],[40.8147,40.4334],[40.8147,40.4336],[40.815,40.4338],[40.8163,40.4341],[40.8164,40.4343],[40.8171,40.4344],[40.8174,40.4351],[40.818,40.4357],[40.8197,40.4366],[40.8195,40.4373],[40.8199,40.4375],[40.8227,40.4384],[40.8232,40.4389],[40.8231,40.4392],[40.8234,40.4395],[40.8233,40.4399],[40.8204,40.4413],[40.8204,40.4414],[40.8201,40.4415],[40.8194,40.4417],[40.8173,40.4423],[40.8153,40.4429],[40.8136,40.4433],[40.812,40.4435],[40.8104,40.4437],[40.8075,40.4439],[40.8046,40.444],[40.8028,40.4441],[40.8024,40.4441],[40.802,40.444],[40.8012,40.4436],[40.8003,40.4432],[40.7998,40.4435],[40.7995,40.4441],[40.7962,40.4446],[40.7945,40.444],[40.7942,40.4436],[40.7943,40.4434],[40.7932,40.4415],[40.7937,40.4471],[40.7936,40.4478],[40.7933,40.4496],[40.7932,40.4516],[40.7936,40.4543],[40.798,40.4655],[40.7969,40.4699],[40.7903,40.4691],[40.7864,40.4817],[40.7852,40.4914],[40.7874,40.5104],[40.7976,40.5203],[40.7956,40.5269],[40.7921,40.5346],[40.7836,40.5357],[40.7808,40.5436],[40.7767,40.5597]]]},"properties":{"ad":"Pazaryolu"}},
{"type":"Feature","geometry":{"type":"Polygon","coordinates":[[[40.5912,40.2505],[40.5784,40.2394],[40.5841,40.2278],[40.5888,40.2182],[40.5943,40.2134],[40.5983,40.2056],[40.6086,40.203],[40.6132,40.1988],[40.6165,40.1989],[40.6242,40.1995],[40.6297,40.2023],[40.6362,40.2094],[40.6398,40.2125],[40.6468,40.2236],[40.6604,40.225],[40.6743,40.2303],[40.6781,40.2275],[40.6901,40.2141],[40.6938,40.2157],[40.6995,40.2195],[40.7093,40.2187],[40.7177,40.2236],[40.7292,40.2286],[40.7368,40.2389],[40.7497,40.236],[40.7553,40.2316],[40.7653,40.2299],[40.772,40.2314],[40.7795,40.2282],[40.7859,40.2299],[40.7978,40.23],[40.8046,40.2345],[40.8118,40.2345],[40.8207,40.2396],[40.8294,40.246],[40.8426,40.2456],[40.8574,40.2475],[40.8596,40.2512],[40.8766,40.2582],[40.8954,40.2557],[40.8983,40.2609],[40.9169,40.2684],[40.9182,40.271],[40.9235,40.2727],[40.9297,40.2717],[40.9353,40.2728],[40.9515,40.2695],[40.9616,40.2778],[40.9614,40.2815],[40.9763,40.2843],[40.9895,40.2819],[40.9942,40.2782],[41.0074,40.2793],[41.0128,40.2836],[41.0268,40.2826],[41.0295,40.2864],[41.0358,40.2875],[41.0441,40.2878],[41.0571,40.2933],[41.0632,40.2976],[41.0564,40.31],[41.0708,40.3141],[41.0768,40.3191],[41.0866,40.322],[41.1063,40.3241],[41.1233,40.328],[41.1578,40.339],[41.1657,40.348],[41.1657,40.3637],[41.1566,40.3681],[41.1454,40.3851],[41.1522,40.395],[41.154,40.4106],[41.1349,40.4169],[41.1364,40.4258],[41.1479,40.4365],[41.1532,40.4525],[41.1653,40.4691],[41.1693,40.4793],[41.1752,40.4835],[41.183,40.493],[41.1918,40.4973],[41.1944,40.5008],[41.2076,40.5041],[41.194,40.5073],[41.1944,40.5138],[41.1886,40.5233],[41.2013,40.5279],[41.214,40.5242],[41.2318,40.5185],[41.2412,40.5207],[41.2496,40.5246],[41.267,40.5263],[41.2906,40.5333],[41.3059,40.5385],[41.3147,40.5477],[41.3172,40.5572],[41.3222,40.5727],[41.3211,40.5809],[41.3192,40.5844],[41.3176,40.5969],[41.3148,40.6014],[41.3122,40.6094],[41.3172,40.6168],[41.3151,40.6301],[41.3154,40.6359],[41.3146,40.6411],[41.3192,40.6494],[41.3045,40.6531],[41.2969,40.6594],[41.2952,40.6658],[41.2933,40.6739],[41.2909,40.675],[41.2916,40.6782],[41.291,40.6819],[41.2973,40.6842],[41.3046,40.6821],[41.3136,40.6845],[41.3157,40.6874],[41.3149,40.6902],[41.3205,40.6898],[41.3232,40.6922],[41.3297,40.693],[41.3374,40.6901],[41.3408,40.69],[41.343,40.6917],[41.3444,40.6949],[41.3487,40.6962],[41.3553,40.7014],[41.3596,40.7035],[41.3636,40.7067],[41.3699,40.7076],[41.3736,40.7091],[41.3738,40.7108],[41.3782,40.7139],[41.3738,40.7189],[41.3726,40.7202],[41.3713,40.7209],[41.3697,40.7213],[41.3687,40.7218],[41.369,40.7229],[41.3651,40.7264],[41.3625,40.7309],[41.3605,40.7328],[41.3579,40.7345],[41.3569,40.7357],[41.3536,40.7362],[41.3485,40.7414],[41.347,40.742],[41.3446,40.7421],[41.3428,40.7416],[41.34,40.7418],[41.336,40.7419],[41.3322,40.744],[41.3313,40.7458],[41.3289,40.7472],[41.3285,40.7485],[41.3263,40.751],[41.3244,40.7515],[41.3192,40.7554],[41.3127,40.7559],[41.3107,40.7572],[41.3033,40.7592],[41.2991,40.7608],[41.2919,40.7643],[41.2875,40.7644],[41.2832,40.7629],[41.2737,40.764],[41.2575,40.7592],[41.2471,40.7606],[41.2405,40.7625],[41.2385,40.7687],[41.2316,40.7694],[41.2283,40.7833],[41.2249,40.7872],[41.2251,40.7908],[41.2227,40.7939],[41.2169,40.7984],[41.2178,40.8042],[41.2041,40.8073],[41.2019,40.8093],[41.2172,40.8183],[41.2148,40.8222],[41.232,40.8272],[41.2268,40.8336],[41.218,40.8384],[41.2151,40.8345],[41.2033,40.8284],[41.1902,40.8261],[41.1825,40.8191],[41.1778,40.8191],[41.1711,40.8119],[41.1627,40.8093],[41.1502,40.8104],[41.1422,40.813],[41.1429,40.8188],[41.1462,40.8203],[41.1435,40.8221],[41.1404,40.823],[41.1362,40.823],[41.1332,40.8236],[41.1309,40.8214],[41.1269,40.8175],[41.1257,40.8146],[41.1268,40.808],[41.1298,40.804],[41.1297,40.7958],[41.133,40.7925],[41.1298,40.7857],[41.1261,40.7857],[41.1213,40.7873],[41.1126,40.7844],[41.1125,40.7794],[41.103,40.7841],[41.0938,40.7878],[41.0888,40.7882],[41.0858,40.7906],[41.0796,40.79],[41.075,40.7861],[41.0686,40.7851],[41.0649,40.7826],[41.0616,40.7827],[41.0574,40.7816],[41.0557,40.7807],[41.0521,40.7801],[41.0486,40.778],[41.0438,40.7757],[41.0397,40.7755],[41.0388,40.7735],[41.0381,40.7717],[41.0378,40.7615],[41.034,40.7603],[41.0308,40.7605],[41.027,40.7592],[41.0215,40.7594],[41.0209,40.7572],[41.0191,40.7558],[41.0147,40.7569],[41.0122,40.7593],[41.0084,40.7595],[41.0053,40.7589],[41.0025,40.7583],[40.9971,40.7579],[40.9945,40.7576],[40.9918,40.7575],[40.9874,40.7584],[40.9853,40.7564],[40.9819,40.7549],[40.9761,40.7534],[40.9751,40.7518],[40.9736,40.7505],[40.9723,40.7457],[40.9715,40.7445],[40.9686,40.7428],[40.9644,40.7428],[40.9608,40.7407],[40.9575,40.7382],[40.9547,40.7374],[40.9527,40.735],[40.9505,40.7331],[40.9463,40.7324],[40.9451,40.7335],[40.9415,40.7316],[40.9388,40.7303],[40.9342,40.7296],[40.9292,40.7314],[40.9244,40.732],[40.9206,40.7315],[40.9144,40.7322],[40.9093,40.732],[40.906,40.7318],[40.9026,40.7316],[40.8984,40.731],[40.894,40.7296],[40.8883,40.7297],[40.8841,40.7302],[40.8845,40.7291],[40.8842,40.7277],[40.8832,40.7258],[40.8817,40.7215],[40.8815,40.7179],[40.8859,40.7136],[40.8869,40.7127],[40.8883,40.7125],[40.895,40.7128],[40.8997,40.7076],[40.8966,40.7033],[40.8946,40.7011],[40.8897,40.6984],[40.8879,40.6961],[40.8872,40.6937],[40.8803,40.6924],[40.8767,40.6917],[40.8667,40.6919],[40.8699,40.6869],[40.8702,40.6832],[40.8731,40.6817],[40.8729,40.6786],[40.8719,40.6763],[40.8666,40.6763],[40.865,40.6724],[40.862,40.6703],[40.8578,40.6688],[40.8559,40.6673],[40.8541,40.6662],[40.8518,40.6616],[40.8476,40.6624],[40.8454,40.6609],[40.8435,40.6571],[40.8381,40.6546],[40.8379,40.6536],[40.8445,40.6511],[40.8465,40.6481],[40.8527,40.6459],[40.8519,40.6383],[40.8515,40.6361],[40.8533,40.6326],[40.8568,40.6328],[40.8661,40.6301],[40.8705,40.6254],[40.8757,40.6191],[40.8765,40.6141],[40.8753,40.6096],[40.8726,40.6076],[40.8712,40.6011],[40.868,40.5993],[40.8677,40.5956],[40.8703,40.5918],[40.8686,40.5868],[40.8669,40.5837],[40.865,40.58],[40.8626,40.5765],[40.8609,40.5762],[40.8591,40.5768],[40.8558,40.5773],[40.8539,40.5768],[40.8511,40.5767],[40.8485,40.5771],[40.8456,40.5752],[40.8448,40.5739],[40.8431,40.573],[40.8424,40.5718],[40.8411,40.5702],[40.8406,40.5691],[40.8404,40.5658],[40.8391,40.5649],[40.8385,40.565],[40.8386,40.5655],[40.8381,40.5664],[40.8377,40.5666],[40.8377,40.5671],[40.8374,40.568],[40.8361,40.5685],[40.8356,40.5689],[40.8347,40.569],[40.8339,40.5704],[40.8339,40.571],[40.8329,40.572],[40.8321,40.5738],[40.8308,40.5738],[40.8305,40.5753],[40.8303,40.5761],[40.8278,40.58],[40.8255,40.5807],[40.8206,40.5806],[40.8169,40.5799],[40.8152,40.5789],[40.8149,40.5736],[40.8106,40.5745],[40.805,40.5724],[40.8,40.5719],[40.7974,40.5722],[40.795,40.5723],[40.7933,40.568],[40.7892,40.5704],[40.7912,40.5706],[40.7903,40.572],[40.7893,40.5732],[40.7872,40.5717],[40.7843,40.5675],[40.7771,40.5602],[40.7767,40.5597],[40.7808,40.5436],[40.7836,40.5357],[40.7921,40.5346],[40.7956,40.5269],[40.7976,40.5203],[40.7874,40.5104],[40.7852,40.4914],[40.7864,40.4817],[40.7903,40.4691],[40.7969,40.4699],[40.798,40.4655],[40.7936,40.4543],[40.7932,40.4516],[40.7933,40.4496],[40.7936,40.4478],[40.7937,40.4471],[40.7932,40.4415],[40.7943,40.4434],[40.7942,40.4436],[40.7945,40.444],[40.7962,40.4446],[40.7995,40.4441],[40.7998,40.4435],[40.8003,40.4432],[40.8012,40.4436],[40.802,40.444],[40.8024,40.4441],[40.8028,40.4441],[40.8046,40.444],[40.8075,40.4439],[40.8104,40.4437],[40.812,40.4435],[40.8136,40.4433],[40.8153,40.4429],[40.8173,40.4423],[40.8194,40.4417],[40.8201,40.4415],[40.8204,40.4414],[40.8204,40.4413],[40.8233,40.4399],[40.8234,40.4395],[40.8231,40.4392],[40.8232,40.4389],[40.8227,40.4384],[40.8199,40.4375],[40.8195,40.4373],[40.8197,40.4366],[40.818,40.4357],[40.8174,40.4351],[40.8171,40.4344],[40.8164,40.4343],[40.8163,40.4341],[40.815,40.4338],[40.8147,40.4336],[40.8147,40.4334],[40.8138,40.4331],[40.8129,40.4335],[40.8115,40.432],[40.8113,40.4296],[40.8121,40.4282],[40.8108,40.4253],[40.8131,40.4251],[40.8135,40.4241],[40.8142,40.4232],[40.8122,40.4212],[40.8113,40.4196],[40.8115,40.4191],[40.8123,40.4182],[40.8125,40.4178],[40.8126,40.4151],[40.8124,40.4144],[40.8118,40.4141],[40.8122,40.4129],[40.8115,40.412],[40.8116,40.4118],[40.8108,40.4111],[40.8106,40.4088],[40.8102,40.4086],[40.8102,40.4081],[40.8106,40.408],[40.8115,40.4073],[40.8156,40.4063],[40.8136,40.4002],[40.8207,40.4],[40.8187,40.3979],[40.8213,40.3958],[40.8217,40.3929],[40.8232,40.3901],[40.8194,40.3886],[40.8178,40.3844],[40.8234,40.3813],[40.815,40.374],[40.8171,40.3707],[40.8246,40.3664],[40.8124,40.3643],[40.8253,40.3637],[40.8364,40.3646],[40.851,40.3616],[40.8491,40.3575],[40.8504,40.3543],[40.8569,40.3538],[40.8645,40.3576],[40.8689,40.3585],[40.868,40.3578],[40.8669,40.3576],[40.865,40.3571],[40.8641,40.3566],[40.8635,40.3555],[40.8628,40.3549],[40.8612,40.3543],[40.8602,40.3543],[40.8589,40.3523],[40.8566,40.3514],[40.8556,40.351],[40.8527,40.3503],[40.8515,40.3502],[40.849,40.3495],[40.8447,40.3493],[40.842,40.3487],[40.8434,40.347],[40.8444,40.3453],[40.845,40.3446],[40.8465,40.342],[40.8464,40.3401],[40.8469,40.3385],[40.8439,40.3413],[40.8431,40.3416],[40.8423,40.3413],[40.8406,40.343],[40.8351,40.3485],[40.8312,40.3513],[40.8302,40.3511],[40.8264,40.3517],[40.8257,40.3512],[40.8247,40.3512],[40.8212,40.3521],[40.8163,40.3501],[40.8132,40.35],[40.8116,40.3506],[40.8105,40.3497],[40.8032,40.3501],[40.8018,40.3493],[40.8019,40.3476],[40.8011,40.3476],[40.7998,40.3453],[40.7993,40.344],[40.7982,40.3441],[40.8058,40.3402],[40.7963,40.3296],[40.7981,40.3266],[40.7977,40.3261],[40.7974,40.3228],[40.7984,40.3225],[40.8061,40.3194],[40.8036,40.3159],[40.7898,40.313],[40.7868,40.3199],[40.7839,40.3189],[40.7764,40.3186],[40.7724,40.3221],[40.7707,40.3238],[40.768,40.3256],[40.7663,40.3268],[40.7651,40.3271],[40.7636,40.329],[40.7621,40.329],[40.7596,40.331],[40.7599,40.3295],[40.7578,40.3256],[40.7613,40.3181],[40.7623,40.3178],[40.7647,40.3168],[40.7653,40.316],[40.7654,40.3143],[40.7661,40.3137],[40.7663,40.3131],[40.7662,40.3116],[40.7656,40.3112],[40.7656,40.3102],[40.7663,40.3095],[40.763,40.3085],[40.76,40.3081],[40.7574,40.3069],[40.7572,40.3046],[40.7566,40.3036],[40.7555,40.3028],[40.7551,40.3021],[40.7549,40.3002],[40.7486,40.2887],[40.7488,40.306],[40.7422,40.3167],[40.7417,40.3129],[40.7374,40.3035],[40.7299,40.3229],[40.7315,40.3257],[40.7221,40.32],[40.7054,40.3148],[40.688,40.3023],[40.6669,40.2863],[40.6549,40.2785],[40.6364,40.2718],[40.6191,40.2624],[40.608,40.2553],[40.5912,40.2505]]]},"properties":{"ad":"İspir"}},
{"type":"Feature","geometry":{"type":"Polygon","coordinates":[[[41.6526,40.424],[41.6613,40.4145],[41.6559,40.4108],[41.655,40.4057],[41.6588,40.3998],[41.6653,40.3963],[41.6701,40.396],[41.6754,40.3956],[41.6828,40.3972],[41.6898,40.3937],[41.6833,40.3858],[41.6848,40.3839],[41.6849,40.3824],[41.6865,40.3821],[41.6879,40.3807],[41.6888,40.3784],[41.6902,40.3758],[41.69,40.3733],[41.6949,40.3714],[41.6942,40.3669],[41.6961,40.366],[41.6991,40.3657],[41.7031,40.364],[41.7051,40.3638],[41.7051,40.3608],[41.7066,40.3575],[41.71,40.3573],[41.7347,40.3761],[41.7386,40.3763],[41.7417,40.3802],[41.7418,40.3856],[41.7533,40.3955],[41.7791,40.4012],[41.7965,40.4068],[41.803,40.4106],[41.8068,40.4166],[41.8243,40.4234],[41.8249,40.4314],[41.8417,40.4442],[41.8504,40.4572],[41.8723,40.4578],[41.8776,40.4565],[41.9076,40.469],[41.9136,40.4632],[41.9097,40.4549],[41.9175,40.4461],[41.9405,40.4463],[41.9385,40.4377],[41.9574,40.4171],[41.9658,40.4031],[41.9688,40.4027],[41.9729,40.408],[41.968,40.4129],[41.9792,40.4156],[41.9977,40.4034],[41.998,40.3964],[42.0046,40.3971],[42.0055,40.392],[42.0096,40.3946],[42.0091,40.3988],[42.0115,40.4043],[42.0121,40.4077],[42.0298,40.4056],[42.0399,40.4041],[42.0536,40.4045],[42.0825,40.4059],[42.084,40.4088],[42.095,40.3959],[42.0957,40.3907],[42.1033,40.3875],[42.1279,40.3943],[42.1359,40.3903],[42.1467,40.3911],[42.1565,40.39],[42.1585,40.3792],[42.1516,40.3752],[42.1481,40.3708],[42.1471,40.3617],[42.1554,40.3658],[42.1619,40.3599],[42.1662,40.3597],[42.1668,40.3532],[42.1621,40.3486],[42.1696,40.3439],[42.1743,40.3471],[42.1826,40.3461],[42.1858,40.3484],[42.1953,40.3486],[42.1994,40.3465],[42.2109,40.3487],[42.2147,40.3507],[42.2138,40.3734],[42.2083,40.3826],[42.2091,40.3929],[42.2061,40.3996],[42.2032,40.4066],[42.1995,40.4117],[42.194,40.4096],[42.1869,40.4138],[42.1857,40.4199],[42.1791,40.4178],[42.1742,40.4156],[42.1691,40.4174],[42.1583,40.4345],[42.1608,40.444],[42.1538,40.4504],[42.1569,40.4614],[42.1769,40.4862],[42.1835,40.4878],[42.1891,40.5004],[42.184,40.5095],[42.1868,40.5198],[42.1842,40.5325],[42.1744,40.5406],[42.162,40.5452],[42.1608,40.5479],[42.1721,40.5558],[42.1734,40.5727],[42.1769,40.5879],[42.1723,40.591],[42.1695,40.5892],[42.1653,40.5921],[42.1723,40.6027],[42.1661,40.6107],[42.1761,40.621],[42.1786,40.6278],[42.1761,40.6389],[42.1721,40.6424],[42.1717,40.6451],[42.1747,40.6487],[42.1813,40.6524],[42.1968,40.6569],[42.2107,40.6565],[42.2103,40.6575],[42.2106,40.6579],[42.2109,40.6583],[42.2112,40.6585],[42.2117,40.6588],[42.2121,40.6595],[42.212,40.6596],[42.2115,40.6603],[42.2109,40.6613],[42.2106,40.6616],[42.2106,40.662],[42.2109,40.6624],[42.2122,40.6632],[42.2128,40.6636],[42.2131,40.6641],[42.213,40.6643],[42.2125,40.6648],[42.2123,40.6651],[42.212,40.6664],[42.2118,40.6669],[42.2117,40.6672],[42.2114,40.6676],[42.2112,40.668],[42.2106,40.6686],[42.2104,40.6694],[42.2102,40.6712],[42.2101,40.672],[42.21,40.6724],[42.21,40.6728],[42.21,40.6734],[42.2098,40.6739],[42.2096,40.6743],[42.2091,40.6748],[42.2044,40.6796],[42.2041,40.6876],[42.2094,40.6937],[42.2169,40.6981],[42.218,40.703],[42.2158,40.7113],[42.2069,40.7131],[42.2001,40.7193],[42.2044,40.7283],[42.1916,40.7136],[42.1816,40.7149],[42.1706,40.7163],[42.1701,40.7202],[42.1687,40.7219],[42.1641,40.7214],[42.1453,40.7235],[42.1359,40.7247],[42.1168,40.7205],[42.087,40.7172],[42.0819,40.7138],[42.0833,40.7104],[42.0755,40.7083],[42.0672,40.71],[42.0591,40.709],[42.0481,40.7061],[42.0483,40.7086],[42.0467,40.7132],[42.036,40.7259],[42.0249,40.7346],[42.0131,40.7378],[42.0053,40.7371],[42.0012,40.735],[41.9968,40.7349],[41.9925,40.7327],[41.9867,40.732],[41.98,40.7342],[41.9748,40.7336],[41.9696,40.7343],[41.9653,40.738],[41.9559,40.7384],[41.9527,40.7359],[41.9495,40.7313],[41.9436,40.7288],[41.934,40.7309],[41.9361,40.7367],[41.9341,40.7382],[41.9315,40.7384],[41.9315,40.7407],[41.9302,40.7428],[41.9306,40.7474],[41.9294,40.7502],[41.9306,40.7555],[41.9276,40.7561],[41.926,40.7579],[41.9195,40.7593],[41.9121,40.7684],[41.9047,40.7758],[41.9029,40.7827],[41.8976,40.7836],[41.8961,40.7856],[41.8919,40.786],[41.8846,40.7843],[41.8777,40.7869],[41.8681,40.7878],[41.8552,40.7864],[41.8526,40.7819],[41.8532,40.779],[41.8516,40.7791],[41.8498,40.7774],[41.8498,40.7754],[41.8488,40.7749],[41.8508,40.7731],[41.8488,40.7681],[41.8452,40.7631],[41.8447,40.7609],[41.8453,40.7605],[41.8446,40.7602],[41.8444,40.7594],[41.8426,40.759],[41.842,40.7591],[41.8418,40.7586],[41.8393,40.7579],[41.8388,40.7575],[41.8373,40.7568],[41.8354,40.758],[41.8332,40.7555],[41.831,40.755],[41.8259,40.7537],[41.8234,40.7584],[41.8212,40.7586],[41.8196,40.7563],[41.8192,40.7508],[41.8163,40.7454],[41.8132,40.7423],[41.8112,40.7296],[41.8152,40.7152],[41.8058,40.7117],[41.805,40.7044],[41.8075,40.6985],[41.8068,40.6843],[41.7976,40.6765],[41.7976,40.6667],[41.7913,40.672],[41.7829,40.6684],[41.7766,40.6623],[41.7649,40.6625],[41.7432,40.6764],[41.7382,40.6813],[41.7324,40.6786],[41.7311,40.675],[41.7281,40.6722],[41.7265,40.6665],[41.7236,40.6655],[41.7184,40.6615],[41.7184,40.6607],[41.7244,40.6553],[41.7285,40.6504],[41.7307,40.6485],[41.7331,40.6469],[41.7334,40.6438],[41.7372,40.6413],[41.7397,40.6367],[41.74,40.6337],[41.7406,40.6318],[41.7417,40.6287],[41.7439,40.6267],[41.7481,40.6213],[41.7483,40.618],[41.7459,40.6154],[41.7482,40.6129],[41.7511,40.6114],[41.7545,40.6086],[41.7565,40.6052],[41.7587,40.601],[41.7586,40.5985],[41.761,40.5971],[41.7635,40.5955],[41.765,40.5936],[41.7661,40.5911],[41.768,40.5891],[41.7725,40.587],[41.7696,40.5826],[41.7692,40.5793],[41.77,40.5736],[41.7694,40.5716],[41.7635,40.5652],[41.7591,40.5546],[41.7562,40.5437],[41.7533,40.5423],[41.7523,40.5411],[41.7504,40.5402],[41.7484,40.5402],[41.7457,40.5414],[41.744,40.5417],[41.7419,40.5428],[41.7394,40.5436],[41.737,40.5436],[41.7343,40.543],[41.7325,40.542],[41.7307,40.5427],[41.7291,40.5439],[41.7285,40.5456],[41.7238,40.5471],[41.7212,40.5488],[41.7171,40.5499],[41.7111,40.5524],[41.7135,40.548],[41.7171,40.5444],[41.7181,40.5413],[41.7175,40.54],[41.715,40.5388],[41.7132,40.5376],[41.7119,40.536],[41.7052,40.5278],[41.7067,40.5263],[41.7094,40.5248],[41.7106,40.5238],[41.7122,40.5234],[41.7143,40.5228],[41.7083,40.521],[41.7087,40.5181],[41.7067,40.5128],[41.7032,40.5085],[41.7041,40.5044],[41.7031,40.5037],[41.6972,40.5029],[41.6939,40.5015],[41.6854,40.4975],[41.6835,40.4963],[41.6823,40.4946],[41.6687,40.4919],[41.6653,40.4888],[41.6627,40.488],[41.6597,40.4883],[41.6573,40.4873],[41.654,40.4865],[41.6549,40.4848],[41.6561,40.4834],[41.6565,40.4822],[41.6562,40.481],[41.6561,40.4797],[41.6569,40.4779],[41.6581,40.475],[41.6598,40.474],[41.6617,40.4717],[41.6626,40.4701],[41.6638,40.4694],[41.6653,40.4687],[41.6664,40.4682],[41.6679,40.4644],[41.6683,40.464],[41.6688,40.4634],[41.6693,40.4628],[41.67,40.4611],[41.6703,40.4604],[41.6705,40.4597],[41.6709,40.4592],[41.6717,40.458],[41.6729,40.455],[41.6731,40.4542],[41.6726,40.452],[41.6727,40.4511],[41.6724,40.4504],[41.6722,40.4481],[41.6714,40.4465],[41.6717,40.4449],[41.6699,40.4432],[41.6703,40.441],[41.6713,40.4396],[41.6718,40.4375],[41.6709,40.4366],[41.6705,40.434],[41.6675,40.432],[41.6633,40.4272],[41.6608,40.4264],[41.6573,40.426],[41.655,40.4249],[41.6526,40.424]]]},"properties":{"ad":"Oltu"}},
{"type":"Feature","geometry":{"type":"Polygon","coordinates":[[[41.4225,40.5786],[41.4717,40.5098],[41.477,40.5064],[41.486,40.4943],[41.4874,40.4939],[41.4877,40.4936],[41.4878,40.4933],[41.4878,40.4931],[41.4874,40.4926],[41.4872,40.4922],[41.4871,40.4916],[41.4846,40.4867],[41.4816,40.4853],[41.4785,40.4809],[41.4761,40.4795],[41.4663,40.4735],[41.4638,40.4643],[41.4646,40.4612],[41.4661,40.46],[41.4685,40.4596],[41.4866,40.4636],[41.4989,40.4638],[41.5023,40.4647],[41.5027,40.465],[41.5041,40.4655],[41.505,40.463],[41.5055,40.4628],[41.5055,40.4624],[41.51,40.4653],[41.5143,40.4645],[41.5174,40.4675],[41.5197,40.4707],[41.5238,40.4699],[41.5282,40.47],[41.5301,40.4678],[41.5343,40.4698],[41.5395,40.4699],[41.5425,40.4705],[41.5461,40.4715],[41.55,40.4714],[41.5536,40.4734],[41.5575,40.4764],[41.5601,40.4791],[41.5639,40.4794],[41.5679,40.4777],[41.5731,40.478],[41.5757,40.4775],[41.5775,40.4748],[41.5786,40.4739],[41.5793,40.4724],[41.5771,40.4634],[41.5774,40.4547],[41.5793,40.4515],[41.5843,40.4526],[41.5868,40.4515],[41.591,40.4521],[41.5945,40.4511],[41.5976,40.4498],[41.5986,40.4477],[41.5996,40.4467],[41.6121,40.4466],[41.6154,40.4436],[41.6157,40.4421],[41.618,40.4398],[41.6178,40.436],[41.6215,40.4364],[41.6225,40.4359],[41.6229,40.4357],[41.6233,40.4358],[41.6236,40.4359],[41.6238,40.436],[41.6241,40.4359],[41.6244,40.4361],[41.6247,40.4361],[41.6258,40.4349],[41.6267,40.4337],[41.6308,40.4326],[41.6342,40.4315],[41.6367,40.4296],[41.6398,40.4252],[41.6452,40.4233],[41.6489,40.4208],[41.6493,40.4219],[41.6504,40.4228],[41.6526,40.424],[41.655,40.4249],[41.6573,40.426],[41.6608,40.4264],[41.6633,40.4272],[41.6675,40.432],[41.6705,40.434],[41.6709,40.4366],[41.6718,40.4375],[41.6713,40.4396],[41.6703,40.441],[41.6699,40.4432],[41.6717,40.4449],[41.6714,40.4465],[41.6722,40.4481],[41.6724,40.4504],[41.6727,40.4511],[41.6726,40.452],[41.6731,40.4542],[41.6729,40.455],[41.6717,40.458],[41.6709,40.4592],[41.6705,40.4597],[41.6703,40.4604],[41.67,40.4611],[41.6693,40.4628],[41.6688,40.4634],[41.6683,40.464],[41.6679,40.4644],[41.6664,40.4682],[41.6653,40.4687],[41.6638,40.4694],[41.6626,40.4701],[41.6617,40.4717],[41.6598,40.474],[41.6581,40.475],[41.6569,40.4779],[41.6561,40.4797],[41.6562,40.481],[41.6565,40.4822],[41.6561,40.4834],[41.6549,40.4848],[41.654,40.4865],[41.6573,40.4873],[41.6597,40.4883],[41.6627,40.488],[41.6653,40.4888],[41.6687,40.4919],[41.6823,40.4946],[41.6835,40.4963],[41.6854,40.4975],[41.6939,40.5015],[41.6972,40.5029],[41.7031,40.5037],[41.7041,40.5044],[41.7032,40.5085],[41.7067,40.5128],[41.7087,40.5181],[41.7083,40.521],[41.7143,40.5228],[41.7122,40.5234],[41.7106,40.5238],[41.7094,40.5248],[41.7067,40.5263],[41.7052,40.5278],[41.7119,40.536],[41.7132,40.5376],[41.715,40.5388],[41.7175,40.54],[41.7181,40.5413],[41.7171,40.5444],[41.7135,40.548],[41.7111,40.5524],[41.7171,40.5499],[41.7212,40.5488],[41.7238,40.5471],[41.7285,40.5456],[41.7291,40.5439],[41.7307,40.5427],[41.7325,40.542],[41.7343,40.543],[41.737,40.5436],[41.7394,40.5436],[41.7419,40.5428],[41.744,40.5417],[41.7457,40.5414],[41.7484,40.5402],[41.7504,40.5402],[41.7523,40.5411],[41.7533,40.5423],[41.7562,40.5437],[41.7591,40.5546],[41.7635,40.5652],[41.7694,40.5716],[41.77,40.5736],[41.7692,40.5793],[41.7696,40.5826],[41.7725,40.587],[41.768,40.5891],[41.7661,40.5911],[41.765,40.5936],[41.7635,40.5955],[41.761,40.5971],[41.7586,40.5985],[41.7587,40.601],[41.7565,40.6052],[41.7545,40.6086],[41.7511,40.6114],[41.7482,40.6129],[41.7459,40.6154],[41.7483,40.618],[41.7481,40.6213],[41.7439,40.6267],[41.7417,40.6287],[41.7406,40.6318],[41.74,40.6337],[41.7397,40.6367],[41.7372,40.6413],[41.7334,40.6438],[41.7331,40.6469],[41.7307,40.6485],[41.7285,40.6504],[41.7244,40.6553],[41.7184,40.6607],[41.7184,40.6615],[41.7236,40.6655],[41.7265,40.6665],[41.7281,40.6722],[41.7311,40.675],[41.7324,40.6786],[41.7382,40.6813],[41.7341,40.6832],[41.7331,40.6839],[41.7324,40.6843],[41.7322,40.6854],[41.7281,40.688],[41.7281,40.6887],[41.7279,40.6893],[41.7281,40.6898],[41.7285,40.6912],[41.7279,40.6942],[41.7301,40.7067],[41.7318,40.7213],[41.7309,40.7216],[41.7295,40.723],[41.7293,40.7242],[41.7278,40.7256],[41.7202,40.7292],[41.7198,40.7293],[41.7192,40.7299],[41.7174,40.7297],[41.7072,40.7306],[41.6979,40.7285],[41.6887,40.7284],[41.6849,40.7239],[41.6841,40.7221],[41.6834,40.7207],[41.6859,40.7145],[41.6843,40.7095],[41.6853,40.7066],[41.6813,40.7032],[41.6814,40.7008],[41.6814,40.6956],[41.681,40.6935],[41.681,40.6913],[41.6792,40.6909],[41.6769,40.694],[41.6781,40.6974],[41.6777,40.6976],[41.6773,40.6983],[41.6763,40.6986],[41.6753,40.7009],[41.659,40.7045],[41.6325,40.7024],[41.6222,40.6983],[41.6095,40.6922],[41.6054,40.6916],[41.5895,40.6912],[41.5759,40.6892],[41.5707,40.6853],[41.5643,40.6828],[41.5605,40.6802],[41.5587,40.677],[41.5552,40.6748],[41.5491,40.6664],[41.5446,40.6623],[41.5388,40.6612],[41.5313,40.6571],[41.5255,40.6503],[41.5212,40.6495],[41.5193,40.648],[41.516,40.6452],[41.5142,40.6442],[41.5112,40.6434],[41.5058,40.6462],[41.5014,40.6443],[41.5008,40.6424],[41.4993,40.6403],[41.4956,40.6381],[41.4951,40.6377],[41.4927,40.6365],[41.4889,40.6321],[41.4851,40.6314],[41.4835,40.6314],[41.4805,40.6299],[41.4736,40.6247],[41.4711,40.6204],[41.4688,40.6197],[41.4653,40.6199],[41.4633,40.6193],[41.4601,40.6193],[41.4571,40.6184],[41.4542,40.6168],[41.4546,40.6125],[41.4496,40.6094],[41.4457,40.6088],[41.4437,40.6074],[41.4409,40.6065],[41.4423,40.6045],[41.4421,40.602],[41.4424,40.5999],[41.4428,40.5984],[41.4421,40.5963],[41.44,40.5938],[41.4343,40.5896],[41.4326,40.5881],[41.4313,40.5865],[41.4225,40.5786]]]},"properties":{"ad":"Uzundere"}},
{"type":"Feature","geometry":{"type":"Polygon","coordinates":[[[40.622,40.1062],[40.6302,40.1008],[40.6249,40.0982],[40.6231,40.0937],[40.6253,40.0884],[40.6236,40.0823],[40.6256,40.0738],[40.63,40.0688],[40.6388,40.0691],[40.6435,40.0669],[40.6545,40.0703],[40.6582,40.0628],[40.6626,40.0605],[40.666,40.0553],[40.677,40.0601],[40.6836,40.0697],[40.6922,40.0735],[40.7086,40.0725],[40.7194,40.078],[40.724,40.0901],[40.7343,40.095],[40.7385,40.0926],[40.7495,40.0901],[40.7542,40.0935],[40.7608,40.0967],[40.7713,40.0941],[40.7806,40.0959],[40.786,40.0928],[40.7997,40.0907],[40.8095,40.092],[40.8142,40.0956],[40.8254,40.0986],[40.8291,40.1032],[40.8418,40.1085],[40.8472,40.1094],[40.856,40.1059],[40.8658,40.1076],[40.8705,40.1119],[40.8675,40.116],[40.8666,40.1227],[40.8727,40.1253],[40.8827,40.1231],[40.8879,40.115],[40.8896,40.1091],[40.8734,40.0995],[40.8717,40.0952],[40.8688,40.0924],[40.8693,40.0884],[40.8634,40.0858],[40.8609,40.083],[40.8646,40.0813],[40.8646,40.0753],[40.8644,40.0718],[40.857,40.0644],[40.8577,40.0594],[40.8519,40.0547],[40.8509,40.0506],[40.847,40.0462],[40.8457,40.0389],[40.8477,40.0341],[40.8374,40.0329],[40.8296,40.0296],[40.8217,40.0297],[40.8215,40.026],[40.8249,40.0209],[40.831,40.0181],[40.8403,40.0147],[40.8403,40.0117],[40.8377,40.0091],[40.8386,40.0069],[40.8433,40.0076],[40.8477,40.0024],[40.8448,39.9992],[40.856,39.9911],[40.8448,39.9857],[40.8492,39.9815],[40.8489,39.9763],[40.859,39.9768],[40.8614,39.9733],[40.8663,39.9742],[40.8668,39.971],[40.8778,39.9727],[40.8805,39.9763],[40.894,39.9795],[40.9065,39.9842],[40.9119,39.9851],[40.9082,39.9695],[40.9081,39.9692],[40.9056,39.9588],[40.91,39.9595],[40.9208,39.9383],[40.9162,39.9394],[40.9162,39.9432],[40.9125,39.9426],[40.9105,39.9379],[40.9069,39.9368],[40.9022,39.9396],[40.8946,39.9387],[40.8971,39.9329],[40.8931,39.9293],[40.8853,39.928],[40.887,39.9229],[40.8816,39.9253],[40.8794,39.9231],[40.8836,39.919],[40.8826,39.9176],[40.8895,39.9124],[40.8942,39.9091],[40.9032,39.9101],[40.9186,39.9118],[40.9331,39.9088],[40.9576,39.912],[40.9578,39.908],[40.9666,39.905],[40.9781,39.9073],[40.986,39.9056],[40.9847,39.8904],[40.9945,39.8789],[40.996,39.871],[40.9948,39.8653],[40.9913,39.8613],[40.9908,39.859],[40.9895,39.8561],[40.9881,39.8535],[40.987,39.8519],[40.9862,39.8461],[40.992,39.8474],[40.9948,39.8514],[40.9974,39.8559],[41.0048,39.8542],[41.0227,39.8535],[41.0334,39.8531],[41.0354,39.8424],[41.0295,39.8375],[41.0386,39.8309],[41.0337,39.8145],[41.0494,39.8172],[41.0521,39.8268],[41.0621,39.823],[41.0724,39.8239],[41.0783,39.8262],[41.0841,39.8328],[41.0976,39.8368],[41.1018,39.8367],[41.1064,39.8381],[41.1067,39.8376],[41.1099,39.8365],[41.112,39.8358],[41.1129,39.8353],[41.1136,39.8363],[41.1144,39.8361],[41.1162,39.8361],[41.1293,39.8351],[41.1352,39.8354],[41.1419,39.8369],[41.1482,39.8371],[41.1524,39.8378],[41.1523,39.8412],[41.1526,39.8446],[41.1517,39.8484],[41.1577,39.8542],[41.1612,39.8572],[41.165,39.8605],[41.1718,39.8646],[41.1797,39.8673],[41.1794,39.8684],[41.1811,39.87],[41.1815,39.8703],[41.1818,39.8705],[41.1821,39.8707],[41.1825,39.8709],[41.1826,39.8711],[41.1828,39.8713],[41.1834,39.8719],[41.1837,39.8722],[41.1841,39.8725],[41.1844,39.8728],[41.185,39.8732],[41.1853,39.8734],[41.1856,39.8737],[41.1858,39.8738],[41.1861,39.874],[41.1865,39.8741],[41.1869,39.8742],[41.1871,39.8742],[41.1871,39.8743],[41.1874,39.8744],[41.1876,39.8744],[41.1881,39.8747],[41.1889,39.875],[41.1897,39.8754],[41.1907,39.8758],[41.1915,39.8763],[41.1919,39.8768],[41.1924,39.8767],[41.1942,39.8774],[41.1961,39.878],[41.1969,39.8782],[41.1984,39.8789],[41.2021,39.8814],[41.2047,39.8825],[41.2076,39.8836],[41.2095,39.8844],[41.2118,39.8852],[41.2111,39.8855],[41.2097,39.8874],[41.2084,39.8891],[41.2069,39.8915],[41.2061,39.8921],[41.2027,39.8948],[41.2011,39.8948],[41.2012,39.896],[41.2015,39.8958],[41.2016,39.8959],[41.2018,39.8961],[41.2019,39.8962],[41.2024,39.8961],[41.2025,39.8966],[41.203,39.8966],[41.2035,39.8976],[41.2042,39.8997],[41.2041,39.9001],[41.2038,39.9029],[41.2038,39.9039],[41.2037,39.9042],[41.2032,39.9191],[41.2022,39.9194],[41.2025,39.921],[41.2024,39.9227],[41.2041,39.9228],[41.2052,39.9231],[41.2051,39.9233],[41.2033,39.924],[41.2023,39.9246],[41.2015,39.926],[41.1926,39.9331],[41.1904,39.9343],[41.1879,39.935],[41.1842,39.9365],[41.1813,39.9376],[41.1789,39.9392],[41.1751,39.9362],[41.1763,39.9346],[41.1723,39.935],[41.1666,39.9355],[41.164,39.936],[41.1612,39.9365],[41.1603,39.9382],[41.1593,39.9385],[41.1592,39.9395],[41.1575,39.9403],[41.156,39.9389],[41.1548,39.9389],[41.1529,39.937],[41.1466,39.9387],[41.1466,39.9412],[41.1458,39.9443],[41.1453,39.9443],[41.1452,39.9461],[41.1439,39.9505],[41.143,39.9513],[41.1421,39.9522],[41.142,39.9528],[41.1423,39.9528],[41.1419,39.9554],[41.1418,39.9561],[41.1417,39.9568],[41.142,39.9568],[41.1421,39.9581],[41.1424,39.9582],[41.1421,39.9589],[41.1428,39.9592],[41.1444,39.9587],[41.1458,39.9583],[41.1475,39.9583],[41.1468,39.9611],[41.1453,39.9614],[41.1439,39.9659],[41.1443,39.9666],[41.146,39.9668],[41.1467,39.9672],[41.1473,39.9682],[41.1479,39.9685],[41.1488,39.9684],[41.1503,39.9675],[41.1525,39.9675],[41.1535,39.9671],[41.156,39.9676],[41.1573,39.9676],[41.1581,39.9681],[41.1584,39.9688],[41.1586,39.9697],[41.1596,39.97],[41.1611,39.97],[41.1627,39.9702],[41.1638,39.9697],[41.1647,39.9692],[41.1656,39.9693],[41.1665,39.9696],[41.1698,39.9681],[41.1702,39.9681],[41.17,39.9684],[41.1692,39.9688],[41.1691,39.9694],[41.1697,39.9695],[41.1698,39.9702],[41.1707,39.9712],[41.1716,39.9717],[41.1721,39.9715],[41.1728,39.9709],[41.1733,39.9698],[41.1747,39.97],[41.1744,39.9707],[41.1738,39.9715],[41.1749,39.9711],[41.1746,39.9717],[41.1748,39.9725],[41.1753,39.9727],[41.1753,39.9731],[41.1755,39.9733],[41.1754,39.9735],[41.1758,39.9736],[41.1758,39.9739],[41.1752,39.9741],[41.175,39.9747],[41.1744,39.9751],[41.1738,39.977],[41.1722,39.9797],[41.1722,39.9807],[41.1714,39.9833],[41.1712,39.9842],[41.1713,39.9863],[41.1708,39.9874],[41.1704,39.9888],[41.1701,39.9892],[41.169,39.9898],[41.1679,39.9905],[41.1676,39.991],[41.1668,39.9957],[41.1649,39.9988],[41.1643,39.9996],[41.1643,40.0005],[41.1635,40.0022],[41.163,40.0033],[41.1611,40.0051],[41.1601,40.0068],[41.1602,40.008],[41.1608,40.0089],[41.1611,40.0165],[41.158,40.0147],[41.1555,40.0135],[41.1547,40.0135],[41.1547,40.0126],[41.1524,40.0121],[41.1507,40.0108],[41.1494,40.0101],[41.1502,40.0089],[41.1465,40.006],[41.1461,40.0066],[41.1452,40.0064],[41.1448,40.0074],[41.143,40.0096],[41.1425,40.0105],[41.1434,40.0115],[41.1424,40.0125],[41.1418,40.0135],[41.1411,40.0161],[41.141,40.018],[41.1419,40.0191],[41.1409,40.0197],[41.1421,40.0205],[41.1411,40.0219],[41.1412,40.023],[41.1403,40.0241],[41.1413,40.0252],[41.1412,40.0261],[41.1407,40.0268],[41.1377,40.0294],[41.1345,40.0325],[41.1333,40.0334],[41.1326,40.0336],[41.1323,40.0343],[41.1314,40.0346],[41.1302,40.0334],[41.1263,40.0335],[41.1255,40.0331],[41.1245,40.0337],[41.1243,40.0328],[41.1244,40.0311],[41.1242,40.0288],[41.1231,40.0284],[41.1238,40.0269],[41.1212,40.0267],[41.1204,40.026],[41.1231,40.0225],[41.1235,40.0219],[41.1215,40.0208],[41.1233,40.0197],[41.1244,40.0175],[41.1252,40.0168],[41.1239,40.0159],[41.1245,40.0155],[41.1241,40.015],[41.1274,40.0125],[41.1294,40.0118],[41.129,40.0105],[41.1292,40.0095],[41.1275,40.0081],[41.1265,40.0081],[41.1256,40.0091],[41.123,40.0072],[41.1208,40.0105],[41.1197,40.0123],[41.1188,40.013],[41.1165,40.011],[41.1146,40.0115],[41.1167,40.0134],[41.1192,40.0153],[41.1183,40.0171],[41.1159,40.0157],[41.1155,40.0164],[41.1149,40.0172],[41.1161,40.0179],[41.1158,40.0191],[41.1162,40.0196],[41.1176,40.0198],[41.1172,40.0211],[41.1155,40.0229],[41.1145,40.0244],[41.114,40.0247],[41.1121,40.0255],[41.1093,40.0274],[41.1086,40.0282],[41.1087,40.0289],[41.1084,40.0294],[41.1058,40.03],[41.1047,40.031],[41.1047,40.0322],[41.1058,40.0334],[41.1062,40.0344],[41.1063,40.0356],[41.1063,40.0378],[41.1059,40.0384],[41.1056,40.0407],[41.105,40.0438],[41.1038,40.0449],[41.1035,40.0462],[41.1025,40.0476],[41.1029,40.0487],[41.1039,40.0499],[41.1081,40.0517],[41.1074,40.0525],[41.1069,40.0536],[41.1061,40.0553],[41.1076,40.0558],[41.11,40.057],[41.1089,40.06],[41.1082,40.0612],[41.1057,40.0641],[41.1049,40.0661],[41.1068,40.0664],[41.106,40.0691],[41.107,40.0696],[41.107,40.0699],[41.1064,40.0706],[41.106,40.071],[41.1059,40.0716],[41.1063,40.0723],[41.1059,40.073],[41.1059,40.0738],[41.1068,40.0739],[41.1081,40.0794],[41.1125,40.0841],[41.1194,40.0904],[41.124,40.0951],[41.1205,40.0985],[41.1196,40.101],[41.1206,40.1049],[41.1216,40.1075],[41.1226,40.109],[41.123,40.1108],[41.1179,40.1147],[41.1153,40.12],[41.107,40.1282],[41.1069,40.132],[41.1097,40.1344],[41.1064,40.1361],[41.1054,40.1385],[41.1039,40.1408],[41.1034,40.1435],[41.1038,40.1446],[41.1146,40.1462],[41.1168,40.1484],[41.1188,40.149],[41.1211,40.1502],[41.1267,40.1526],[41.1308,40.1529],[41.1325,40.1537],[41.1332,40.1548],[41.1351,40.156],[41.1396,40.1572],[41.1437,40.1587],[41.1458,40.162],[41.151,40.1645],[41.1515,40.1677],[41.154,40.1698],[41.1561,40.1743],[41.1559,40.1792],[41.1568,40.1795],[41.1722,40.1811],[41.1764,40.1813],[41.178,40.1825],[41.1754,40.1826],[41.1738,40.1843],[41.1733,40.1862],[41.1741,40.1884],[41.1762,40.19],[41.1724,40.1903],[41.1705,40.1901],[41.1809,40.2006],[41.1846,40.198],[41.1887,40.1969],[41.1912,40.1959],[41.1975,40.1986],[41.2015,40.2024],[41.2078,40.2041],[41.2158,40.2036],[41.2247,40.1993],[41.2472,40.1909],[41.2448,40.2032],[41.2441,40.2072],[41.2437,40.2092],[41.2437,40.2133],[41.2383,40.2302],[41.2415,40.242],[41.2472,40.248],[41.244,40.2558],[41.2369,40.2629],[41.2284,40.2642],[41.2166,40.2655],[41.2078,40.2743],[41.2041,40.2734],[41.1985,40.2743],[41.1946,40.2768],[41.1948,40.2835],[41.1928,40.2878],[41.188,40.2889],[41.1872,40.2945],[41.184,40.2999],[41.1715,40.3035],[41.1838,40.3055],[41.1847,40.3092],[41.182,40.3113],[41.1839,40.3145],[41.1829,40.3212],[41.1788,40.3247],[41.1663,40.3294],[41.1578,40.339],[41.1233,40.328],[41.1063,40.3241],[41.0866,40.322],[41.0768,40.3191],[41.0708,40.3141],[41.0564,40.31],[41.0632,40.2976],[41.0571,40.2933],[41.0441,40.2878],[41.0358,40.2875],[41.0295,40.2864],[41.0268,40.2826],[41.0128,40.2836],[41.0074,40.2793],[40.9942,40.2782],[40.9895,40.2819],[40.9763,40.2843],[40.9614,40.2815],[40.9616,40.2778],[40.9515,40.2695],[40.9353,40.2728],[40.9297,40.2717],[40.9235,40.2727],[40.9182,40.271],[40.9169,40.2684],[40.8983,40.2609],[40.8954,40.2557],[40.8766,40.2582],[40.8596,40.2512],[40.8574,40.2475],[40.8426,40.2456],[40.8294,40.246],[40.8207,40.2396],[40.8118,40.2345],[40.8046,40.2345],[40.7978,40.23],[40.7859,40.2299],[40.7795,40.2282],[40.772,40.2314],[40.7653,40.2299],[40.7553,40.2316],[40.7497,40.236],[40.7368,40.2389],[40.7292,40.2286],[40.7177,40.2236],[40.7093,40.2187],[40.6995,40.2195],[40.6938,40.2157],[40.6901,40.2141],[40.7,40.2079],[40.7056,40.2044],[40.7067,40.1975],[40.7078,40.1932],[40.7052,40.1906],[40.7012,40.1891],[40.6874,40.1793],[40.6893,40.1716],[40.6931,40.1626],[40.6962,40.1556],[40.6917,40.1516],[40.6892,40.1481],[40.6693,40.141],[40.6639,40.1366],[40.6649,40.1314],[40.6637,40.1293],[40.6571,40.1284],[40.6539,40.1256],[40.6494,40.1236],[40.6491,40.1113],[40.6446,40.1109],[40.6392,40.1142],[40.636,40.1138],[40.6338,40.1096],[40.6302,40.1084],[40.6275,40.1094],[40.622,40.1062]]]},"properties":{"ad":"Aziziye"}},
{"type":"Feature","geometry":{"type":"Polygon","coordinates":[[[40.622,40.1062],[40.6103,40.0982],[40.5939,40.1002],[40.5793,40.0922],[40.5806,40.0839],[40.574,40.0806],[40.5632,40.0775],[40.5474,40.0734],[40.5225,40.0696],[40.5106,40.0641],[40.5067,40.0537],[40.5074,40.0504],[40.5049,40.0486],[40.5087,40.0411],[40.5112,40.0327],[40.5088,40.0273],[40.4964,40.0187],[40.4798,40.0114],[40.4556,40.01],[40.441,40.0043],[40.4178,39.9946],[40.4022,39.9955],[40.3933,39.9945],[40.3861,40],[40.379,40.0061],[40.3787,40.0175],[40.3772,40.0226],[40.3699,40.024],[40.3629,40.0249],[40.3535,40.0242],[40.35,40.0287],[40.3531,40.0393],[40.3257,40.0334],[40.3088,40.0295],[40.3104,40.0366],[40.3051,40.0376],[40.2992,40.0359],[40.2953,40.0323],[40.2996,40.0224],[40.2976,40.0103],[40.2908,40.0024],[40.2753,39.9914],[40.2586,39.9844],[40.246,39.9603],[40.2631,39.9405],[40.2789,39.9323],[40.2807,39.9314],[40.283,39.9289],[40.2859,39.9283],[40.2881,39.9269],[40.2898,39.9255],[40.2912,39.9255],[40.2916,39.9263],[40.2912,39.9272],[40.292,39.9279],[40.2937,39.9283],[40.2965,39.9281],[40.2995,39.9298],[40.3017,39.9303],[40.3043,39.9316],[40.3048,39.9334],[40.3061,39.9339],[40.3073,39.9339],[40.3085,39.9335],[40.3106,39.934],[40.3142,39.9329],[40.3176,39.9325],[40.3192,39.9318],[40.3226,39.932],[40.3258,39.9307],[40.3297,39.9321],[40.332,39.9319],[40.3332,39.9312],[40.3353,39.9313],[40.3368,39.9321],[40.3411,39.9316],[40.3426,39.9334],[40.3489,39.9319],[40.3507,39.931],[40.3562,39.9298],[40.3571,39.9304],[40.3589,39.9305],[40.3613,39.9321],[40.362,39.9336],[40.3633,39.9341],[40.3638,39.9349],[40.3644,39.935],[40.3655,39.9347],[40.3677,39.933],[40.3697,39.9333],[40.3794,39.9228],[40.3926,39.9162],[40.4057,39.9154],[40.4228,39.9116],[40.4359,39.9105],[40.4772,39.9026],[40.4963,39.8902],[40.5205,39.8844],[40.5197,39.8824],[40.5278,39.8759],[40.5341,39.8521],[40.5437,39.8487],[40.5444,39.8437],[40.5697,39.8497],[40.568,39.8383],[40.5651,39.8327],[40.5591,39.83],[40.553,39.8234],[40.558,39.822],[40.5539,39.815],[40.5551,39.8106],[40.5522,39.8089],[40.532,39.8078],[40.5351,39.8032],[40.5361,39.7978],[40.5261,39.794],[40.5292,39.7905],[40.5288,39.7851],[40.5353,39.779],[40.5405,39.7759],[40.5394,39.7652],[40.5532,39.7435],[40.5666,39.7309],[40.5916,39.717],[40.6196,39.7029],[40.658,39.6795],[40.6711,39.6611],[40.6738,39.668],[40.6769,39.6694],[40.6814,39.6678],[40.6833,39.6716],[40.6869,39.6718],[40.6936,39.676],[40.6941,39.679],[40.7011,39.6829],[40.7027,39.6868],[40.6965,39.6896],[40.697,39.6922],[40.6994,39.7005],[40.7057,39.7089],[40.7393,39.7024],[40.735,39.7064],[40.7263,39.711],[40.7238,39.7181],[40.7341,39.7208],[40.7336,39.727],[40.7548,39.7315],[40.7741,39.7222],[40.7734,39.7067],[40.7915,39.7061],[40.795,39.7053],[40.7977,39.7073],[40.7969,39.7137],[40.8032,39.7125],[40.8247,39.7068],[40.8468,39.7092],[40.8574,39.7079],[40.8588,39.7096],[40.8586,39.7133],[40.8536,39.7193],[40.857,39.7259],[40.8618,39.7266],[40.8666,39.7302],[40.8657,39.7345],[40.8707,39.7353],[40.8744,39.7392],[40.8841,39.7399],[40.8897,39.7413],[40.8867,39.745],[40.8879,39.7489],[40.8846,39.7542],[40.896,39.7574],[40.9005,39.7563],[40.9096,39.7622],[40.915,39.7641],[40.9224,39.7648],[40.9285,39.7699],[40.9362,39.7695],[40.9382,39.7773],[40.9313,39.7767],[40.9263,39.7745],[40.9225,39.7753],[40.9155,39.7746],[40.915,39.7769],[40.9155,39.7799],[40.9151,39.7864],[40.9241,39.7909],[40.9209,39.7948],[40.9185,39.7989],[40.9061,39.8123],[40.8917,39.806],[40.8826,39.8055],[40.8813,39.8026],[40.8729,39.8055],[40.8708,39.8037],[40.8673,39.8042],[40.8658,39.8064],[40.8625,39.8069],[40.8612,39.8051],[40.8591,39.8052],[40.8578,39.8062],[40.8577,39.808],[40.8595,39.81],[40.8577,39.8188],[40.8543,39.8285],[40.8564,39.8315],[40.8559,39.8339],[40.8601,39.8353],[40.8599,39.8394],[40.8631,39.8418],[40.8735,39.8439],[40.884,39.8397],[40.8915,39.8437],[40.9106,39.8533],[40.9108,39.8588],[40.9261,39.8756],[40.9379,39.8793],[40.9403,39.881],[40.9396,39.8832],[40.9271,39.8918],[40.9142,39.8941],[40.9049,39.898],[40.8987,39.9062],[40.8942,39.9091],[40.8895,39.9124],[40.8826,39.9176],[40.8836,39.919],[40.8794,39.9231],[40.8816,39.9253],[40.887,39.9229],[40.8853,39.928],[40.8931,39.9293],[40.8971,39.9329],[40.8946,39.9387],[40.9022,39.9396],[40.9069,39.9368],[40.9105,39.9379],[40.9125,39.9426],[40.9162,39.9432],[40.9162,39.9394],[40.9208,39.9383],[40.91,39.9595],[40.9056,39.9588],[40.9081,39.9692],[40.9082,39.9695],[40.9119,39.9851],[40.9065,39.9842],[40.894,39.9795],[40.8805,39.9763],[40.8778,39.9727],[40.8668,39.971],[40.8663,39.9742],[40.8614,39.9733],[40.859,39.9768],[40.8489,39.9763],[40.8492,39.9815],[40.8448,39.9857],[40.856,39.9911],[40.8448,39.9992],[40.8477,40.0024],[40.8433,40.0076],[40.8386,40.0069],[40.8377,40.0091],[40.8403,40.0117],[40.8403,40.0147],[40.831,40.0181],[40.8249,40.0209],[40.8215,40.026],[40.8217,40.0297],[40.8296,40.0296],[40.8374,40.0329],[40.8477,40.0341],[40.8457,40.0389],[40.847,40.0462],[40.8509,40.0506],[40.8519,40.0547],[40.8577,40.0594],[40.857,40.0644],[40.8644,40.0718],[40.8646,40.0753],[40.8646,40.0813],[40.8609,40.083],[40.8634,40.0858],[40.8693,40.0884],[40.8688,40.0924],[40.8717,40.0952],[40.8734,40.0995],[40.8896,40.1091],[40.8879,40.115],[40.8827,40.1231],[40.8727,40.1253],[40.8666,40.1227],[40.8675,40.116],[40.8705,40.1119],[40.8658,40.1076],[40.856,40.1059],[40.8472,40.1094],[40.8418,40.1085],[40.8291,40.1032],[40.8254,40.0986],[40.8142,40.0956],[40.8095,40.092],[40.7997,40.0907],[40.786,40.0928],[40.7806,40.0959],[40.7713,40.0941],[40.7608,40.0967],[40.7542,40.0935],[40.7495,40.0901],[40.7385,40.0926],[40.7343,40.095],[40.724,40.0901],[40.7194,40.078],[40.7086,40.0725],[40.6922,40.0735],[40.6836,40.0697],[40.677,40.0601],[40.666,40.0553],[40.6626,40.0605],[40.6582,40.0628],[40.6545,40.0703],[40.6435,40.0669],[40.6388,40.0691],[40.63,40.0688],[40.6256,40.0738],[40.6236,40.0823],[40.6253,40.0884],[40.6231,40.0937],[40.6249,40.0982],[40.6302,40.1008],[40.622,40.1062]]]},"properties":{"ad":"Aşkale"}},
{"type":"Feature","geometry":{"type":"Polygon","coordinates":[[[41.6227,40.2101],[41.624,40.207],[41.623,40.2058],[41.6233,40.2042],[41.6275,40.2026],[41.6261,40.2008],[41.6269,40.1989],[41.6337,40.1982],[41.6407,40.1953],[41.6488,40.1945],[41.6501,40.1909],[41.6494,40.1877],[41.6506,40.1838],[41.6578,40.1798],[41.6628,40.1796],[41.6725,40.1755],[41.674,40.1739],[41.6733,40.1715],[41.6809,40.1702],[41.6866,40.1701],[41.689,40.1725],[41.6944,40.1742],[41.7003,40.174],[41.7073,40.1748],[41.7141,40.1748],[41.7237,40.1757],[41.7355,40.1714],[41.7506,40.1697],[41.7577,40.1703],[41.7681,40.1701],[41.7754,40.1659],[41.7881,40.1557],[41.7963,40.152],[41.8098,40.1479],[41.8126,40.1418],[41.8164,40.135],[41.819,40.1423],[41.8245,40.1498],[41.8242,40.1534],[41.8259,40.1569],[41.8299,40.156],[41.8343,40.157],[41.8388,40.1595],[41.8443,40.1582],[41.848,40.1557],[41.8524,40.1547],[41.86,40.1565],[41.8634,40.1536],[41.8671,40.1548],[41.869,40.1543],[41.8752,40.1571],[41.8796,40.1572],[41.8846,40.1605],[41.8877,40.161],[41.8928,40.1597],[41.8993,40.1615],[41.9062,40.1652],[41.9162,40.1733],[41.9224,40.1748],[41.9301,40.1847],[41.942,40.2025],[41.9816,40.212],[41.9839,40.2211],[42.0154,40.2301],[42.0244,40.2372],[42.0257,40.2554],[42.0409,40.2668],[42.0542,40.2876],[42.0701,40.2941],[42.0821,40.3082],[42.1008,40.3132],[42.1032,40.3019],[42.1057,40.2978],[42.1087,40.2951],[42.1178,40.2934],[42.116,40.3006],[42.1222,40.3021],[42.1307,40.3154],[42.1356,40.3289],[42.1298,40.3355],[42.1203,40.3369],[42.134,40.3524],[42.1435,40.3512],[42.1493,40.3458],[42.1562,40.3483],[42.1621,40.3486],[42.1668,40.3532],[42.1662,40.3597],[42.1619,40.3599],[42.1554,40.3658],[42.1471,40.3617],[42.1481,40.3708],[42.1516,40.3752],[42.1585,40.3792],[42.1565,40.39],[42.1467,40.3911],[42.1359,40.3903],[42.1279,40.3943],[42.1033,40.3875],[42.0957,40.3907],[42.095,40.3959],[42.084,40.4088],[42.0825,40.4059],[42.0536,40.4045],[42.0399,40.4041],[42.0298,40.4056],[42.0121,40.4077],[42.0115,40.4043],[42.0091,40.3988],[42.0096,40.3946],[42.0055,40.392],[42.0046,40.3971],[41.998,40.3964],[41.9977,40.4034],[41.9792,40.4156],[41.968,40.4129],[41.9729,40.408],[41.9688,40.4027],[41.9658,40.4031],[41.9574,40.4171],[41.9385,40.4377],[41.9405,40.4463],[41.9175,40.4461],[41.9097,40.4549],[41.9136,40.4632],[41.9076,40.469],[41.8776,40.4565],[41.8723,40.4578],[41.8504,40.4572],[41.8417,40.4442],[41.8249,40.4314],[41.8243,40.4234],[41.8068,40.4166],[41.803,40.4106],[41.7965,40.4068],[41.7791,40.4012],[41.7533,40.3955],[41.7418,40.3856],[41.7417,40.3802],[41.7386,40.3763],[41.7347,40.3761],[41.71,40.3573],[41.7007,40.3531],[41.6789,40.3502],[41.6627,40.3398],[41.6568,40.3242],[41.6436,40.3042],[41.6385,40.2998],[41.6429,40.2973],[41.6402,40.2925],[41.6336,40.2912],[41.6577,40.2674],[41.6997,40.2733],[41.7057,40.2693],[41.7244,40.2715],[41.7498,40.2692],[41.7484,40.2603],[41.7444,40.2516],[41.7344,40.246],[41.7331,40.2322],[41.7227,40.2286],[41.7157,40.221],[41.701,40.2218],[41.6937,40.221],[41.691,40.2225],[41.6823,40.2179],[41.6763,40.2167],[41.673,40.2182],[41.6693,40.221],[41.6633,40.22],[41.6553,40.2128],[41.6386,40.2126],[41.6295,40.2151],[41.6227,40.2101]]]},"properties":{"ad":"Narman"}},
{"type":"Feature","geometry":{"type":"Polygon","coordinates":[[[40.8942,39.9091],[40.8987,39.9062],[40.9049,39.898],[40.9142,39.8941],[40.9271,39.8918],[40.9396,39.8832],[40.9403,39.881],[40.9379,39.8793],[40.9261,39.8756],[40.9108,39.8588],[40.9106,39.8533],[40.8915,39.8437],[40.884,39.8397],[40.8735,39.8439],[40.8631,39.8418],[40.8599,39.8394],[40.8601,39.8353],[40.8559,39.8339],[40.8564,39.8315],[40.8543,39.8285],[40.8577,39.8188],[40.8595,39.81],[40.8577,39.808],[40.8578,39.8062],[40.8591,39.8052],[40.8612,39.8051],[40.8625,39.8069],[40.8658,39.8064],[40.8673,39.8042],[40.8708,39.8037],[40.8729,39.8055],[40.8813,39.8026],[40.8826,39.8055],[40.8917,39.806],[40.9061,39.8123],[40.9185,39.7989],[40.9209,39.7948],[40.9241,39.7909],[40.9151,39.7864],[40.9155,39.7799],[40.915,39.7769],[40.9155,39.7746],[40.9225,39.7753],[40.9263,39.7745],[40.9313,39.7767],[40.9382,39.7773],[40.9362,39.7695],[40.9372,39.7649],[40.9432,39.7632],[40.9452,39.7602],[40.944,39.7551],[40.9342,39.7518],[40.933,39.746],[40.9453,39.7474],[40.9528,39.7506],[40.9588,39.7455],[40.9656,39.7446],[40.9802,39.7332],[40.983,39.7346],[40.9886,39.7356],[40.9938,39.7354],[40.9957,39.7359],[41.0001,39.7362],[41.0036,39.7368],[41.0079,39.7376],[41.0099,39.7391],[41.0116,39.7405],[41.0202,39.7498],[41.0319,39.753],[41.0707,39.7512],[41.0922,39.7489],[41.1105,39.7553],[41.129,39.7572],[41.1508,39.7519],[41.1646,39.7513],[41.1755,39.7514],[41.1834,39.7555],[41.2077,39.7585],[41.2441,39.7691],[41.2514,39.7688],[41.2605,39.7647],[41.2998,39.7727],[41.3069,39.7775],[41.3085,39.7784],[41.3099,39.7797],[41.3122,39.7802],[41.315,39.7796],[41.3302,39.7853],[41.3386,39.7854],[41.3447,39.7829],[41.3532,39.7832],[41.3545,39.7819],[41.3579,39.781],[41.361,39.7794],[41.3651,39.7817],[41.3614,39.7845],[41.3655,39.7869],[41.3667,39.7876],[41.3703,39.7886],[41.3734,39.7874],[41.3739,39.7861],[41.3763,39.7846],[41.3777,39.7847],[41.3801,39.7854],[41.3812,39.7863],[41.3844,39.7864],[41.3864,39.7877],[41.3857,39.7894],[41.3857,39.7907],[41.3861,39.7917],[41.3871,39.7937],[41.3883,39.795],[41.3899,39.7962],[41.3964,39.7988],[41.4003,39.82],[41.3942,39.8266],[41.3931,39.8274],[41.3929,39.8284],[41.3934,39.8289],[41.3943,39.8295],[41.3953,39.8312],[41.3954,39.8322],[41.3973,39.8414],[41.413,39.8517],[41.4188,39.853],[41.4244,39.8548],[41.4304,39.8566],[41.4327,39.8581],[41.4382,39.8581],[41.4458,39.8567],[41.4483,39.8571],[41.4504,39.8548],[41.4543,39.8554],[41.4582,39.8543],[41.4622,39.8516],[41.4697,39.8506],[41.4747,39.8468],[41.4835,39.8484],[41.4912,39.8443],[41.4986,39.8465],[41.4911,39.8528],[41.4793,39.8581],[41.4721,39.8647],[41.4617,39.8712],[41.4584,39.8755],[41.4624,39.8759],[41.4668,39.8774],[41.4746,39.8762],[41.4812,39.8823],[41.4763,39.8886],[41.4819,39.8928],[41.4765,39.8966],[41.4737,39.9109],[41.4779,39.9129],[41.4765,39.9203],[41.4718,39.9232],[41.4738,39.9282],[41.4714,39.9319],[41.4653,39.9314],[41.4686,39.9398],[41.4783,39.9444],[41.4649,39.9464],[41.4527,39.945],[41.436,39.9579],[41.4315,39.9689],[41.4154,39.9652],[41.395,39.9492],[41.3815,39.9482],[41.3763,39.9461],[41.3727,39.9441],[41.361,39.949],[41.3582,39.9464],[41.3577,39.9466],[41.3572,39.9469],[41.3564,39.9471],[41.3556,39.9472],[41.355,39.9472],[41.3539,39.947],[41.3516,39.9466],[41.3504,39.9465],[41.3493,39.9467],[41.3481,39.947],[41.341,39.943],[41.34,39.941],[41.329,39.943],[41.3261,39.9389],[41.326,39.937],[41.324,39.934],[41.3223,39.9267],[41.3162,39.9266],[41.3041,39.9282],[41.2949,39.925],[41.2941,39.9247],[41.2937,39.9246],[41.2932,39.9243],[41.2928,39.924],[41.2927,39.9238],[41.2926,39.9237],[41.2926,39.9234],[41.2927,39.923],[41.2928,39.9225],[41.2928,39.9219],[41.2927,39.9218],[41.2927,39.9217],[41.2927,39.9216],[41.2928,39.9215],[41.2932,39.9213],[41.2933,39.9213],[41.2933,39.9211],[41.2933,39.9208],[41.2932,39.9206],[41.2929,39.9203],[41.2923,39.9203],[41.2919,39.9202],[41.2912,39.92],[41.2904,39.9196],[41.2899,39.9191],[41.2897,39.9187],[41.2893,39.9178],[41.2899,39.9171],[41.2914,39.9137],[41.2911,39.9122],[41.2923,39.9122],[41.2935,39.9126],[41.2952,39.9126],[41.2961,39.9123],[41.297,39.9122],[41.2984,39.9115],[41.2992,39.9112],[41.3008,39.911],[41.3018,39.911],[41.3022,39.911],[41.303,39.9106],[41.3044,39.9092],[41.3049,39.9087],[41.3054,39.9086],[41.3064,39.9084],[41.3072,39.9087],[41.3077,39.9087],[41.3084,39.9091],[41.3089,39.9086],[41.3153,39.907],[41.3186,39.9069],[41.3197,39.9074],[41.3214,39.9081],[41.327,39.909],[41.33,39.9105],[41.3347,39.913],[41.3381,39.9153],[41.3394,39.9153],[41.3405,39.9148],[41.3418,39.9147],[41.3235,39.9066],[41.322,39.9061],[41.3204,39.9058],[41.3189,39.9056],[41.2974,39.9057],[41.2957,39.9057],[41.2944,39.9055],[41.2933,39.9051],[41.2917,39.9043],[41.2913,39.904],[41.2837,39.8985],[41.282,39.8977],[41.2805,39.8972],[41.2786,39.8969],[41.2766,39.8968],[41.2757,39.8969],[41.2749,39.8969],[41.2735,39.8973],[41.2721,39.8977],[41.2718,39.8978],[41.2712,39.8981],[41.2661,39.9004],[41.2609,39.8975],[41.2592,39.8966],[41.251,39.8936],[41.2487,39.8929],[41.2468,39.8925],[41.2442,39.8919],[41.2435,39.8916],[41.243,39.8913],[41.242,39.8906],[41.2415,39.89],[41.2404,39.8881],[41.2392,39.8869],[41.2389,39.8866],[41.235,39.8838],[41.2312,39.8814],[41.2271,39.8785],[41.2209,39.8739],[41.2207,39.8745],[41.217,39.8769],[41.2157,39.8774],[41.2122,39.8846],[41.2122,39.885],[41.2118,39.8852],[41.2095,39.8844],[41.2076,39.8836],[41.2047,39.8825],[41.2021,39.8814],[41.1984,39.8789],[41.1969,39.8782],[41.1961,39.878],[41.1942,39.8774],[41.1924,39.8767],[41.1919,39.8768],[41.1915,39.8763],[41.1907,39.8758],[41.1897,39.8754],[41.1889,39.875],[41.1881,39.8747],[41.1876,39.8744],[41.1874,39.8744],[41.1871,39.8743],[41.1871,39.8742],[41.1869,39.8742],[41.1865,39.8741],[41.1861,39.874],[41.1858,39.8738],[41.1856,39.8737],[41.1853,39.8734],[41.185,39.8732],[41.1844,39.8728],[41.1841,39.8725],[41.1837,39.8722],[41.1834,39.8719],[41.1828,39.8713],[41.1826,39.8711],[41.1825,39.8709],[41.1821,39.8707],[41.1818,39.8705],[41.1815,39.8703],[41.1811,39.87],[41.1794,39.8684],[41.1797,39.8673],[41.1718,39.8646],[41.165,39.8605],[41.1612,39.8572],[41.1577,39.8542],[41.1517,39.8484],[41.1526,39.8446],[41.1523,39.8412],[41.1524,39.8378],[41.1482,39.8371],[41.1419,39.8369],[41.1352,39.8354],[41.1293,39.8351],[41.1162,39.8361],[41.1144,39.8361],[41.1136,39.8363],[41.1129,39.8353],[41.112,39.8358],[41.1099,39.8365],[41.1067,39.8376],[41.1064,39.8381],[41.1018,39.8367],[41.0976,39.8368],[41.0841,39.8328],[41.0783,39.8262],[41.0724,39.8239],[41.0621,39.823],[41.0521,39.8268],[41.0494,39.8172],[41.0337,39.8145],[41.0386,39.8309],[41.0295,39.8375],[41.0354,39.8424],[41.0334,39.8531],[41.0227,39.8535],[41.0048,39.8542],[40.9974,39.8559],[40.9948,39.8514],[40.992,39.8474],[40.9862,39.8461],[40.987,39.8519],[40.9881,39.8535],[40.9895,39.8561],[40.9908,39.859],[40.9913,39.8613],[40.9948,39.8653],[40.996,39.871],[40.9945,39.8789],[40.9847,39.8904],[40.986,39.9056],[40.9781,39.9073],[40.9666,39.905],[40.9578,39.908],[40.9576,39.912],[40.9331,39.9088],[40.9186,39.9118],[40.9032,39.9101],[40.8942,39.9091]]]},"properties":{"ad":"Palandöken"}},
{"type":"Feature","geometry":{"type":"Polygon","coordinates":[[[41.4315,39.9689],[41.436,39.9579],[41.4527,39.945],[41.4649,39.9464],[41.4783,39.9444],[41.4686,39.9398],[41.4653,39.9314],[41.4714,39.9319],[41.4738,39.9282],[41.4718,39.9232],[41.4765,39.9203],[41.4779,39.9129],[41.4737,39.9109],[41.4765,39.8966],[41.4819,39.8928],[41.4763,39.8886],[41.4812,39.8823],[41.4746,39.8762],[41.4668,39.8774],[41.4624,39.8759],[41.4584,39.8755],[41.4617,39.8712],[41.4721,39.8647],[41.4793,39.8581],[41.4911,39.8528],[41.4986,39.8465],[41.4912,39.8443],[41.4835,39.8484],[41.4747,39.8468],[41.4697,39.8506],[41.4622,39.8516],[41.4582,39.8543],[41.4543,39.8554],[41.4504,39.8548],[41.4483,39.8571],[41.4458,39.8567],[41.4476,39.8535],[41.4496,39.8521],[41.4525,39.8508],[41.46,39.8475],[41.4617,39.8444],[41.4639,39.842],[41.4665,39.8313],[41.4733,39.8348],[41.4778,39.8379],[41.4825,39.8376],[41.4866,39.8366],[41.4892,39.8329],[41.4916,39.8329],[41.4949,39.8291],[41.501,39.8268],[41.5176,39.8196],[41.533,39.8245],[41.5383,39.8316],[41.5512,39.8334],[41.5717,39.8312],[41.579,39.8322],[41.5904,39.8367],[41.5969,39.8359],[41.602,39.8367],[41.6115,39.8365],[41.6271,39.8382],[41.6309,39.8263],[41.6289,39.8229],[41.6299,39.8159],[41.628,39.8117],[41.6411,39.8012],[41.6498,39.802],[41.6523,39.8063],[41.6701,39.813],[41.6648,39.8203],[41.6593,39.823],[41.6587,39.8308],[41.6553,39.8344],[41.6575,39.8402],[41.6599,39.845],[41.6655,39.8468],[41.6622,39.8426],[41.6623,39.8386],[41.6723,39.8396],[41.6848,39.839],[41.6978,39.8387],[41.7018,39.8398],[41.7059,39.8384],[41.7155,39.839],[41.7202,39.8416],[41.7166,39.8373],[41.723,39.8356],[41.7301,39.8366],[41.7332,39.8402],[41.7403,39.8401],[41.7447,39.8385],[41.7492,39.8339],[41.7509,39.8409],[41.7572,39.8422],[41.7631,39.842],[41.7705,39.84],[41.7737,39.8424],[41.782,39.8435],[41.7856,39.8404],[41.7909,39.8401],[41.7962,39.8423],[41.8001,39.8416],[41.8058,39.8433],[41.8094,39.8428],[41.8116,39.8461],[41.8199,39.8458],[41.8283,39.8476],[41.8312,39.851],[41.8383,39.8547],[41.8371,39.8572],[41.8371,39.8607],[41.8351,39.8613],[41.8318,39.8615],[41.8292,39.8655],[41.829,39.8685],[41.825,39.8733],[41.8255,39.8782],[41.818,39.8775],[41.8087,39.8787],[41.8052,39.8772],[41.8038,39.8796],[41.8005,39.8878],[41.809,39.8939],[41.8097,39.8995],[41.8163,39.904],[41.8186,39.908],[41.8136,39.9133],[41.812,39.9191],[41.8054,39.9241],[41.8099,39.926],[41.8073,39.9315],[41.8062,39.9352],[41.7974,39.9419],[41.7912,39.946],[41.7892,39.951],[41.7888,39.9545],[41.7916,39.9568],[41.798,39.9577],[41.8015,39.9632],[41.8036,39.9635],[41.8053,39.9609],[41.8088,39.9618],[41.8112,39.9637],[41.8159,39.9618],[41.8186,39.9624],[41.8201,39.9652],[41.8219,39.9668],[41.8269,39.9656],[41.8362,39.965],[41.8413,39.9699],[41.8376,39.9724],[41.8337,39.9799],[41.8331,39.9842],[41.8296,39.9855],[41.8314,39.9873],[41.8372,39.9874],[41.8378,39.9893],[41.8367,39.9915],[41.8366,39.9945],[41.835,39.9958],[41.8371,39.9978],[41.8364,39.9994],[41.8409,40.0007],[41.8396,40.0035],[41.838,40.0048],[41.8372,40.0073],[41.8334,40.0127],[41.8372,40.0144],[41.8337,40.0288],[41.8302,40.0435],[41.8231,40.0409],[41.8162,40.0397],[41.8139,40.0444],[41.8096,40.0447],[41.8079,40.0468],[41.8084,40.0526],[41.8054,40.0553],[41.8055,40.0591],[41.8148,40.0637],[41.8158,40.0664],[41.82,40.0681],[41.8215,40.0705],[41.8291,40.0742],[41.8264,40.0789],[41.8291,40.0838],[41.8283,40.0866],[41.831,40.0888],[41.8282,40.0909],[41.8285,40.0943],[41.8266,40.0955],[41.8266,40.0976],[41.8245,40.0987],[41.8224,40.102],[41.8263,40.1036],[41.8272,40.1049],[41.8254,40.1084],[41.8239,40.1105],[41.825,40.1117],[41.8301,40.1116],[41.8349,40.1133],[41.8357,40.1155],[41.8309,40.1223],[41.8238,40.1248],[41.8183,40.1302],[41.8164,40.135],[41.8126,40.1418],[41.8098,40.1479],[41.7963,40.152],[41.7881,40.1557],[41.7754,40.1659],[41.7681,40.1701],[41.7577,40.1703],[41.7506,40.1697],[41.7355,40.1714],[41.7237,40.1757],[41.7141,40.1748],[41.7073,40.1748],[41.7003,40.174],[41.6944,40.1742],[41.689,40.1725],[41.6866,40.1701],[41.6809,40.1702],[41.6733,40.1715],[41.674,40.1739],[41.6725,40.1755],[41.6628,40.1796],[41.6578,40.1798],[41.6506,40.1838],[41.6494,40.1877],[41.6501,40.1909],[41.6488,40.1945],[41.6407,40.1953],[41.6337,40.1982],[41.6269,40.1989],[41.6261,40.2008],[41.6275,40.2026],[41.6233,40.2042],[41.623,40.2058],[41.624,40.207],[41.6227,40.2101],[41.6182,40.2041],[41.6093,40.202],[41.6024,40.2004],[41.5921,40.2033],[41.5851,40.1974],[41.5792,40.1977],[41.5553,40.1906],[41.5533,40.1861],[41.5485,40.1851],[41.5395,40.1701],[41.5379,40.1575],[41.5329,40.1417],[41.5278,40.138],[41.5271,40.1312],[41.519,40.1311],[41.5022,40.118],[41.4866,40.0983],[41.4638,40.0919],[41.4372,40.0869],[41.4424,40.0565],[41.427,40.0436],[41.4122,40.0324],[41.4161,40.012],[41.4273,40.005],[41.4236,39.9908],[41.4315,39.9689]]]},"properties":{"ad":"Pasinler"}},
{"type":"Feature","geometry":{"type":"Polygon","coordinates":[[[41.1666,39.4129],[41.1793,39.4047],[41.1829,39.3872],[41.1783,39.3789],[41.1676,39.3725],[41.2001,39.3616],[41.2324,39.3601],[41.2555,39.3646],[41.2909,39.3648],[41.3323,39.3594],[41.3693,39.3527],[41.3824,39.3604],[41.3774,39.3623],[41.3757,39.366],[41.3813,39.3812],[41.3826,39.389],[41.3784,39.3947],[41.3909,39.4026],[41.4027,39.4098],[41.4079,39.415],[41.4099,39.4205],[41.4101,39.4271],[41.4045,39.4393],[41.4007,39.4402],[41.3945,39.4562],[41.3949,39.4648],[41.4367,39.4638],[41.4439,39.466],[41.4561,39.4655],[41.4675,39.4716],[41.4854,39.4699],[41.4932,39.4646],[41.5051,39.4651],[41.5161,39.4672],[41.5218,39.467],[41.5359,39.4701],[41.5416,39.4767],[41.5554,39.4813],[41.5664,39.4876],[41.5711,39.4955],[41.5793,39.4972],[41.5884,39.5042],[41.5938,39.5088],[41.6019,39.5132],[41.6063,39.5205],[41.6069,39.5265],[41.6151,39.526],[41.6333,39.5309],[41.6471,39.535],[41.6468,39.542],[41.6534,39.5464],[41.6567,39.5533],[41.6666,39.5603],[41.6807,39.5619],[41.6854,39.5684],[41.6961,39.5507],[41.6999,39.5381],[41.6914,39.5229],[41.6996,39.5234],[41.7178,39.5196],[41.7248,39.5143],[41.7298,39.5148],[41.7333,39.5132],[41.7435,39.5134],[41.7462,39.5156],[41.7553,39.516],[41.7595,39.5182],[41.7635,39.5149],[41.7697,39.5158],[41.7717,39.5194],[41.7715,39.5254],[41.7682,39.5302],[41.7646,39.531],[41.7638,39.5345],[41.7598,39.5355],[41.7569,39.5377],[41.7593,39.5394],[41.7666,39.5367],[41.7751,39.5384],[41.7833,39.5411],[41.7893,39.5403],[41.7952,39.5348],[41.7995,39.519],[41.8013,39.5101],[41.7993,39.5064],[41.7877,39.4995],[41.7884,39.4892],[41.7855,39.4863],[41.7855,39.4825],[41.7835,39.4803],[41.8091,39.4796],[41.813,39.4783],[41.8122,39.4755],[41.8175,39.476],[41.8222,39.4777],[41.8261,39.4752],[41.8179,39.4693],[41.8122,39.464],[41.811,39.4595],[41.8081,39.454],[41.8147,39.4523],[41.8212,39.452],[41.8301,39.4486],[41.8341,39.4486],[41.8418,39.4455],[41.8415,39.4516],[41.8405,39.4563],[41.836,39.4651],[41.8355,39.4666],[41.8355,39.472],[41.8383,39.478],[41.8421,39.4953],[41.8405,39.5086],[41.8365,39.5126],[41.8305,39.5125],[41.8352,39.5338],[41.8342,39.5423],[41.829,39.5363],[41.8211,39.5427],[41.8109,39.5398],[41.8017,39.5483],[41.8131,39.5572],[41.8088,39.5602],[41.8043,39.5827],[41.7899,39.5766],[41.7782,39.5841],[41.7769,39.5801],[41.7731,39.5805],[41.7675,39.5959],[41.7684,39.6038],[41.7706,39.615],[41.7628,39.6387],[41.7572,39.6408],[41.7467,39.6337],[41.7444,39.6388],[41.7442,39.6424],[41.7411,39.6464],[41.741,39.6502],[41.7469,39.6539],[41.7485,39.659],[41.7504,39.6616],[41.7578,39.6641],[41.7565,39.6683],[41.7577,39.6722],[41.7626,39.6748],[41.763,39.6835],[41.7464,39.6894],[41.7393,39.6982],[41.7429,39.7003],[41.7377,39.7073],[41.734,39.7076],[41.729,39.718],[41.7227,39.7246],[41.7261,39.7284],[41.7256,39.733],[41.7236,39.7378],[41.7244,39.7422],[41.7302,39.7456],[41.7295,39.7534],[41.7188,39.759],[41.7075,39.759],[41.7076,39.7619],[41.6923,39.7789],[41.6877,39.7808],[41.6836,39.7893],[41.6851,39.7926],[41.6895,39.809],[41.6733,39.81],[41.6701,39.813],[41.6523,39.8063],[41.6498,39.802],[41.6411,39.8012],[41.628,39.8117],[41.6299,39.8159],[41.6289,39.8229],[41.6309,39.8263],[41.6271,39.8382],[41.6115,39.8365],[41.602,39.8367],[41.5969,39.8359],[41.5904,39.8367],[41.579,39.8322],[41.5717,39.8312],[41.5512,39.8334],[41.5383,39.8316],[41.533,39.8245],[41.5176,39.8196],[41.501,39.8268],[41.4949,39.8291],[41.4916,39.8329],[41.4892,39.8329],[41.4866,39.8366],[41.4825,39.8376],[41.4778,39.8379],[41.4733,39.8348],[41.4665,39.8313],[41.4639,39.842],[41.4617,39.8444],[41.46,39.8475],[41.4525,39.8508],[41.4496,39.8521],[41.4476,39.8535],[41.4458,39.8567],[41.4382,39.8581],[41.4327,39.8581],[41.4304,39.8566],[41.4244,39.8548],[41.4188,39.853],[41.413,39.8517],[41.3973,39.8414],[41.3954,39.8322],[41.3953,39.8312],[41.3943,39.8295],[41.3934,39.8289],[41.3929,39.8284],[41.3931,39.8274],[41.3942,39.8266],[41.4003,39.82],[41.3964,39.7988],[41.3899,39.7962],[41.3883,39.795],[41.3871,39.7937],[41.3861,39.7917],[41.3857,39.7907],[41.3857,39.7894],[41.3864,39.7877],[41.3844,39.7864],[41.3812,39.7863],[41.3801,39.7854],[41.3777,39.7847],[41.3763,39.7846],[41.3739,39.7861],[41.3734,39.7874],[41.3703,39.7886],[41.3667,39.7876],[41.3655,39.7869],[41.3614,39.7845],[41.3651,39.7817],[41.361,39.7794],[41.3579,39.781],[41.3545,39.7819],[41.3532,39.7832],[41.3447,39.7829],[41.3386,39.7854],[41.3302,39.7853],[41.315,39.7796],[41.3122,39.7802],[41.3099,39.7797],[41.3085,39.7784],[41.3069,39.7775],[41.2998,39.7727],[41.2605,39.7647],[41.2514,39.7688],[41.2491,39.7645],[41.253,39.7473],[41.2697,39.7466],[41.2724,39.7367],[41.2622,39.7317],[41.2589,39.7181],[41.2524,39.7115],[41.2422,39.7099],[41.2359,39.7105],[41.2273,39.717],[41.2234,39.7092],[41.2144,39.7089],[41.2204,39.7011],[41.2174,39.6951],[41.2117,39.6922],[41.2123,39.6855],[41.2069,39.6738],[41.2028,39.6705],[41.1992,39.6611],[41.1917,39.6556],[41.1765,39.6485],[41.1705,39.6402],[41.155,39.6347],[41.1412,39.6285],[41.1332,39.6239],[41.1203,39.6211],[41.1063,39.6124],[41.0979,39.6075],[41.0863,39.5999],[41.0807,39.5879],[41.0818,39.5679],[41.0833,39.5612],[41.0887,39.5564],[41.094,39.5481],[41.0863,39.5433],[41.0857,39.5382],[41.0934,39.5341],[41.0976,39.535],[41.1063,39.5311],[41.1051,39.5272],[41.1069,39.5235],[41.1048,39.5209],[41.1024,39.5119],[41.1096,39.511],[41.1149,39.5041],[41.1254,39.5057],[41.1296,39.4921],[41.1317,39.4841],[41.1388,39.4836],[41.1451,39.4824],[41.1466,39.4785],[41.1427,39.4737],[41.1379,39.4732],[41.1382,39.4589],[41.1481,39.4534],[41.1627,39.4363],[41.1687,39.4257],[41.1708,39.4181],[41.1666,39.4129]]]},"properties":{"ad":"Tekman"}},
{"type":"Feature","geometry":{"type":"Polygon","coordinates":[[[41.1578,40.339],[41.1663,40.3294],[41.1788,40.3247],[41.1829,40.3212],[41.1839,40.3145],[41.182,40.3113],[41.1847,40.3092],[41.1838,40.3055],[41.1715,40.3035],[41.184,40.2999],[41.1872,40.2945],[41.188,40.2889],[41.1928,40.2878],[41.1948,40.2835],[41.1946,40.2768],[41.1985,40.2743],[41.2041,40.2734],[41.2078,40.2743],[41.2166,40.2655],[41.2284,40.2642],[41.2369,40.2629],[41.244,40.2558],[41.2472,40.248],[41.2415,40.242],[41.2383,40.2302],[41.2437,40.2133],[41.2437,40.2092],[41.2441,40.2072],[41.2448,40.2032],[41.2472,40.1909],[41.2564,40.1866],[41.2678,40.1869],[41.2746,40.1827],[41.2736,40.1693],[41.2807,40.1571],[41.2895,40.1619],[41.2874,40.167],[41.2902,40.1704],[41.2964,40.17],[41.3011,40.171],[41.3037,40.1738],[41.3018,40.1787],[41.304,40.1846],[41.3087,40.1862],[41.3163,40.1895],[41.3214,40.1886],[41.3387,40.1985],[41.3368,40.203],[41.3543,40.211],[41.3583,40.2128],[41.3792,40.2224],[41.399,40.2339],[41.4064,40.2313],[41.4116,40.2393],[41.4426,40.2397],[41.4497,40.238],[41.4621,40.2332],[41.4674,40.2311],[41.4774,40.2283],[41.4804,40.2275],[41.4814,40.2252],[41.4815,40.2249],[41.4821,40.2233],[41.4826,40.2222],[41.4828,40.2217],[41.4827,40.2215],[41.4819,40.2194],[41.4839,40.2151],[41.484,40.2149],[41.4844,40.2141],[41.4848,40.2133],[41.4848,40.2131],[41.485,40.2127],[41.4853,40.2119],[41.4854,40.2116],[41.4856,40.2109],[41.4856,40.2107],[41.4856,40.2106],[41.4864,40.208],[41.4887,40.2001],[41.4939,40.2044],[41.4978,40.2058],[41.4979,40.2058],[41.5005,40.2077],[41.5057,40.2073],[41.509,40.2048],[41.5103,40.2015],[41.5124,40.1995],[41.5117,40.1964],[41.5129,40.1929],[41.5216,40.1906],[41.5278,40.1907],[41.5308,40.1947],[41.5431,40.1954],[41.5468,40.1975],[41.5524,40.1945],[41.5553,40.1906],[41.5792,40.1977],[41.5851,40.1974],[41.5921,40.2033],[41.6024,40.2004],[41.6093,40.202],[41.6182,40.2041],[41.6227,40.2101],[41.6295,40.2151],[41.6386,40.2126],[41.6553,40.2128],[41.6633,40.22],[41.6693,40.221],[41.673,40.2182],[41.6763,40.2167],[41.6823,40.2179],[41.691,40.2225],[41.6937,40.221],[41.701,40.2218],[41.7157,40.221],[41.7227,40.2286],[41.7331,40.2322],[41.7344,40.246],[41.7444,40.2516],[41.7484,40.2603],[41.7498,40.2692],[41.7244,40.2715],[41.7057,40.2693],[41.6997,40.2733],[41.6577,40.2674],[41.6336,40.2912],[41.6402,40.2925],[41.6429,40.2973],[41.6385,40.2998],[41.6436,40.3042],[41.6568,40.3242],[41.6627,40.3398],[41.6789,40.3502],[41.7007,40.3531],[41.71,40.3573],[41.7066,40.3575],[41.7051,40.3608],[41.7051,40.3638],[41.7031,40.364],[41.6991,40.3657],[41.6961,40.366],[41.6942,40.3669],[41.6949,40.3714],[41.69,40.3733],[41.6902,40.3758],[41.6888,40.3784],[41.6879,40.3807],[41.6865,40.3821],[41.6849,40.3824],[41.6848,40.3839],[41.6833,40.3858],[41.6898,40.3937],[41.6828,40.3972],[41.6754,40.3956],[41.6701,40.396],[41.6653,40.3963],[41.6588,40.3998],[41.655,40.4057],[41.6559,40.4108],[41.6613,40.4145],[41.6526,40.424],[41.6504,40.4228],[41.6493,40.4219],[41.6489,40.4208],[41.6452,40.4233],[41.6398,40.4252],[41.6367,40.4296],[41.6342,40.4315],[41.6308,40.4326],[41.6267,40.4337],[41.6258,40.4349],[41.6247,40.4361],[41.6244,40.4361],[41.6241,40.4359],[41.6238,40.436],[41.6236,40.4359],[41.6233,40.4358],[41.6229,40.4357],[41.6225,40.4359],[41.6215,40.4364],[41.6178,40.436],[41.618,40.4398],[41.6157,40.4421],[41.6154,40.4436],[41.6121,40.4466],[41.5996,40.4467],[41.5986,40.4477],[41.5976,40.4498],[41.5945,40.4511],[41.591,40.4521],[41.5868,40.4515],[41.5843,40.4526],[41.5793,40.4515],[41.5774,40.4547],[41.5771,40.4634],[41.5793,40.4724],[41.5786,40.4739],[41.5775,40.4748],[41.5757,40.4775],[41.5731,40.478],[41.5679,40.4777],[41.5639,40.4794],[41.5601,40.4791],[41.5575,40.4764],[41.5536,40.4734],[41.55,40.4714],[41.5461,40.4715],[41.5425,40.4705],[41.5395,40.4699],[41.5343,40.4698],[41.5301,40.4678],[41.5282,40.47],[41.5238,40.4699],[41.5197,40.4707],[41.5174,40.4675],[41.5143,40.4645],[41.51,40.4653],[41.5055,40.4624],[41.5055,40.4628],[41.505,40.463],[41.5041,40.4655],[41.5027,40.465],[41.5023,40.4647],[41.4989,40.4638],[41.4866,40.4636],[41.4685,40.4596],[41.4661,40.46],[41.4646,40.4612],[41.4638,40.4643],[41.4663,40.4735],[41.4761,40.4795],[41.4785,40.4809],[41.4816,40.4853],[41.4846,40.4867],[41.4871,40.4916],[41.4872,40.4922],[41.4874,40.4926],[41.4878,40.4931],[41.4878,40.4933],[41.4877,40.4936],[41.4874,40.4939],[41.486,40.4943],[41.477,40.5064],[41.4717,40.5098],[41.4225,40.5786],[41.4132,40.5781],[41.4026,40.5713],[41.3962,40.5706],[41.3939,40.5717],[41.3851,40.568],[41.3804,40.5669],[41.3715,40.5657],[41.3647,40.5632],[41.3581,40.5621],[41.3509,40.5646],[41.3344,40.5658],[41.3288,40.559],[41.3262,40.558],[41.3172,40.5572],[41.3147,40.5477],[41.3059,40.5385],[41.2906,40.5333],[41.267,40.5263],[41.2496,40.5246],[41.2412,40.5207],[41.2318,40.5185],[41.214,40.5242],[41.2013,40.5279],[41.1886,40.5233],[41.1944,40.5138],[41.194,40.5073],[41.2076,40.5041],[41.1944,40.5008],[41.1918,40.4973],[41.183,40.493],[41.1752,40.4835],[41.1693,40.4793],[41.1653,40.4691],[41.1532,40.4525],[41.1479,40.4365],[41.1364,40.4258],[41.1349,40.4169],[41.154,40.4106],[41.1522,40.395],[41.1454,40.3851],[41.1566,40.3681],[41.1657,40.3637],[41.1657,40.348],[41.1578,40.339]]]},"properties":{"ad":"Tortum"}},
{"type":"Feature","geometry":{"type":"Polygon","coordinates":[[[41.2472,40.1909],[41.2247,40.1993],[41.2158,40.2036],[41.2078,40.2041],[41.2015,40.2024],[41.1975,40.1986],[41.1912,40.1959],[41.1887,40.1969],[41.1846,40.198],[41.1809,40.2006],[41.1705,40.1901],[41.1724,40.1903],[41.1762,40.19],[41.1741,40.1884],[41.1733,40.1862],[41.1738,40.1843],[41.1754,40.1826],[41.178,40.1825],[41.1764,40.1813],[41.1722,40.1811],[41.1568,40.1795],[41.1559,40.1792],[41.1561,40.1743],[41.154,40.1698],[41.1515,40.1677],[41.151,40.1645],[41.1458,40.162],[41.1437,40.1587],[41.1396,40.1572],[41.1351,40.156],[41.1332,40.1548],[41.1325,40.1537],[41.1308,40.1529],[41.1267,40.1526],[41.1211,40.1502],[41.1188,40.149],[41.1168,40.1484],[41.1146,40.1462],[41.1038,40.1446],[41.1034,40.1435],[41.1039,40.1408],[41.1054,40.1385],[41.1064,40.1361],[41.1097,40.1344],[41.1069,40.132],[41.107,40.1282],[41.1153,40.12],[41.1179,40.1147],[41.123,40.1108],[41.1226,40.109],[41.1216,40.1075],[41.1206,40.1049],[41.1196,40.101],[41.1205,40.0985],[41.124,40.0951],[41.1194,40.0904],[41.1125,40.0841],[41.1081,40.0794],[41.1068,40.0739],[41.1059,40.0738],[41.1059,40.073],[41.1063,40.0723],[41.1059,40.0716],[41.106,40.071],[41.1064,40.0706],[41.107,40.0699],[41.107,40.0696],[41.106,40.0691],[41.1068,40.0664],[41.1049,40.0661],[41.1057,40.0641],[41.1082,40.0612],[41.1089,40.06],[41.11,40.057],[41.1076,40.0558],[41.1061,40.0553],[41.1069,40.0536],[41.1074,40.0525],[41.1081,40.0517],[41.1039,40.0499],[41.1029,40.0487],[41.1025,40.0476],[41.1035,40.0462],[41.1038,40.0449],[41.105,40.0438],[41.1056,40.0407],[41.1059,40.0384],[41.1063,40.0378],[41.1063,40.0356],[41.1062,40.0344],[41.1058,40.0334],[41.1047,40.0322],[41.1047,40.031],[41.1058,40.03],[41.1084,40.0294],[41.1087,40.0289],[41.1086,40.0282],[41.1093,40.0274],[41.1121,40.0255],[41.114,40.0247],[41.1145,40.0244],[41.1155,40.0229],[41.1172,40.0211],[41.1176,40.0198],[41.1162,40.0196],[41.1158,40.0191],[41.1161,40.0179],[41.1149,40.0172],[41.1155,40.0164],[41.1159,40.0157],[41.1183,40.0171],[41.1192,40.0153],[41.1167,40.0134],[41.1146,40.0115],[41.1165,40.011],[41.1188,40.013],[41.1197,40.0123],[41.1208,40.0105],[41.123,40.0072],[41.1256,40.0091],[41.1265,40.0081],[41.1275,40.0081],[41.1292,40.0095],[41.129,40.0105],[41.1294,40.0118],[41.1274,40.0125],[41.1241,40.015],[41.1245,40.0155],[41.1239,40.0159],[41.1252,40.0168],[41.1244,40.0175],[41.1233,40.0197],[41.1215,40.0208],[41.1235,40.0219],[41.1231,40.0225],[41.1204,40.026],[41.1212,40.0267],[41.1238,40.0269],[41.1231,40.0284],[41.1242,40.0288],[41.1244,40.0311],[41.1243,40.0328],[41.1245,40.0337],[41.1255,40.0331],[41.1263,40.0335],[41.1302,40.0334],[41.1314,40.0346],[41.1323,40.0343],[41.1326,40.0336],[41.1333,40.0334],[41.1345,40.0325],[41.1377,40.0294],[41.1407,40.0268],[41.1412,40.0261],[41.1413,40.0252],[41.1403,40.0241],[41.1412,40.023],[41.1411,40.0219],[41.1421,40.0205],[41.1409,40.0197],[41.1419,40.0191],[41.141,40.018],[41.1411,40.0161],[41.1418,40.0135],[41.1424,40.0125],[41.1434,40.0115],[41.1425,40.0105],[41.143,40.0096],[41.1448,40.0074],[41.1452,40.0064],[41.1461,40.0066],[41.1465,40.006],[41.1502,40.0089],[41.1494,40.0101],[41.1507,40.0108],[41.1524,40.0121],[41.1547,40.0126],[41.1547,40.0135],[41.1555,40.0135],[41.158,40.0147],[41.1611,40.0165],[41.1608,40.0089],[41.1602,40.008],[41.1601,40.0068],[41.1611,40.0051],[41.163,40.0033],[41.1635,40.0022],[41.1643,40.0005],[41.1643,39.9996],[41.1649,39.9988],[41.1668,39.9957],[41.1676,39.991],[41.1679,39.9905],[41.169,39.9898],[41.1701,39.9892],[41.1704,39.9888],[41.1708,39.9874],[41.1713,39.9863],[41.1712,39.9842],[41.1714,39.9833],[41.1722,39.9807],[41.1722,39.9797],[41.1738,39.977],[41.1744,39.9751],[41.175,39.9747],[41.1752,39.9741],[41.1758,39.9739],[41.1758,39.9736],[41.1754,39.9735],[41.1755,39.9733],[41.1753,39.9731],[41.1753,39.9727],[41.1748,39.9725],[41.1746,39.9717],[41.1749,39.9711],[41.1738,39.9715],[41.1744,39.9707],[41.1747,39.97],[41.1733,39.9698],[41.1728,39.9709],[41.1721,39.9715],[41.1716,39.9717],[41.1707,39.9712],[41.1698,39.9702],[41.1697,39.9695],[41.1691,39.9694],[41.1692,39.9688],[41.17,39.9684],[41.1702,39.9681],[41.1698,39.9681],[41.1665,39.9696],[41.1656,39.9693],[41.1647,39.9692],[41.1638,39.9697],[41.1627,39.9702],[41.1611,39.97],[41.1596,39.97],[41.1586,39.9697],[41.1584,39.9688],[41.1581,39.9681],[41.1573,39.9676],[41.156,39.9676],[41.1535,39.9671],[41.1525,39.9675],[41.1503,39.9675],[41.1488,39.9684],[41.1479,39.9685],[41.1473,39.9682],[41.1467,39.9672],[41.146,39.9668],[41.1443,39.9666],[41.1439,39.9659],[41.1453,39.9614],[41.1468,39.9611],[41.1475,39.9583],[41.1458,39.9583],[41.1444,39.9587],[41.1428,39.9592],[41.1421,39.9589],[41.1424,39.9582],[41.1421,39.9581],[41.142,39.9568],[41.1417,39.9568],[41.1418,39.9561],[41.1419,39.9554],[41.1423,39.9528],[41.142,39.9528],[41.1421,39.9522],[41.143,39.9513],[41.1439,39.9505],[41.1452,39.9461],[41.1453,39.9443],[41.1458,39.9443],[41.1466,39.9412],[41.1466,39.9387],[41.1529,39.937],[41.1548,39.9389],[41.156,39.9389],[41.1575,39.9403],[41.1592,39.9395],[41.1593,39.9385],[41.1603,39.9382],[41.1612,39.9365],[41.164,39.936],[41.1666,39.9355],[41.1723,39.935],[41.1763,39.9346],[41.1751,39.9362],[41.1789,39.9392],[41.1813,39.9376],[41.1842,39.9365],[41.1879,39.935],[41.1904,39.9343],[41.1926,39.9331],[41.2015,39.926],[41.2023,39.9246],[41.2033,39.924],[41.2051,39.9233],[41.2052,39.9231],[41.2041,39.9228],[41.2024,39.9227],[41.2025,39.921],[41.2022,39.9194],[41.2032,39.9191],[41.2037,39.9042],[41.2038,39.9039],[41.2038,39.9029],[41.2041,39.9001],[41.2042,39.8997],[41.2035,39.8976],[41.203,39.8966],[41.2025,39.8966],[41.2024,39.8961],[41.2019,39.8962],[41.2018,39.8961],[41.2016,39.8959],[41.2015,39.8958],[41.2012,39.896],[41.2011,39.8948],[41.2027,39.8948],[41.2061,39.8921],[41.2069,39.8915],[41.2084,39.8891],[41.2097,39.8874],[41.2111,39.8855],[41.2118,39.8852],[41.2122,39.885],[41.2122,39.8846],[41.2157,39.8774],[41.217,39.8769],[41.2207,39.8745],[41.2209,39.8739],[41.2271,39.8785],[41.2312,39.8814],[41.235,39.8838],[41.2389,39.8866],[41.2392,39.8869],[41.2404,39.8881],[41.2415,39.89],[41.242,39.8906],[41.243,39.8913],[41.2435,39.8916],[41.2442,39.8919],[41.2468,39.8925],[41.2487,39.8929],[41.251,39.8936],[41.2592,39.8966],[41.2609,39.8975],[41.2661,39.9004],[41.2712,39.8981],[41.2718,39.8978],[41.2721,39.8977],[41.2735,39.8973],[41.2749,39.8969],[41.2757,39.8969],[41.2766,39.8968],[41.2786,39.8969],[41.2805,39.8972],[41.282,39.8977],[41.2837,39.8985],[41.2913,39.904],[41.2917,39.9043],[41.2933,39.9051],[41.2944,39.9055],[41.2957,39.9057],[41.2974,39.9057],[41.3189,39.9056],[41.3204,39.9058],[41.322,39.9061],[41.3235,39.9066],[41.3418,39.9147],[41.3405,39.9148],[41.3394,39.9153],[41.3381,39.9153],[41.3347,39.913],[41.33,39.9105],[41.327,39.909],[41.3214,39.9081],[41.3197,39.9074],[41.3186,39.9069],[41.3153,39.907],[41.3089,39.9086],[41.3084,39.9091],[41.3077,39.9087],[41.3072,39.9087],[41.3064,39.9084],[41.3054,39.9086],[41.3049,39.9087],[41.3044,39.9092],[41.303,39.9106],[41.3022,39.911],[41.3018,39.911],[41.3008,39.911],[41.2992,39.9112],[41.2984,39.9115],[41.297,39.9122],[41.2961,39.9123],[41.2952,39.9126],[41.2935,39.9126],[41.2923,39.9122],[41.2911,39.9122],[41.2914,39.9137],[41.2899,39.9171],[41.2893,39.9178],[41.2897,39.9187],[41.2899,39.9191],[41.2904,39.9196],[41.2912,39.92],[41.2919,39.9202],[41.2923,39.9203],[41.2929,39.9203],[41.2932,39.9206],[41.2933,39.9208],[41.2933,39.9211],[41.2933,39.9213],[41.2932,39.9213],[41.2928,39.9215],[41.2927,39.9216],[41.2927,39.9217],[41.2927,39.9218],[41.2928,39.9219],[41.2928,39.9225],[41.2927,39.923],[41.2926,39.9234],[41.2926,39.9237],[41.2927,39.9238],[41.2928,39.924],[41.2932,39.9243],[41.2937,39.9246],[41.2941,39.9247],[41.2949,39.925],[41.3041,39.9282],[41.3162,39.9266],[41.3223,39.9267],[41.324,39.934],[41.326,39.937],[41.3261,39.9389],[41.329,39.943],[41.34,39.941],[41.341,39.943],[41.3481,39.947],[41.3493,39.9467],[41.3504,39.9465],[41.3516,39.9466],[41.3539,39.947],[41.355,39.9472],[41.3556,39.9472],[41.3564,39.9471],[41.3572,39.9469],[41.3577,39.9466],[41.3582,39.9464],[41.361,39.949],[41.3727,39.9441],[41.3763,39.9461],[41.3815,39.9482],[41.395,39.9492],[41.4154,39.9652],[41.4315,39.9689],[41.4236,39.9908],[41.4273,40.005],[41.4161,40.012],[41.4122,40.0324],[41.427,40.0436],[41.4424,40.0565],[41.4372,40.0869],[41.4638,40.0919],[41.4866,40.0983],[41.5022,40.118],[41.519,40.1311],[41.5271,40.1312],[41.5278,40.138],[41.5329,40.1417],[41.5379,40.1575],[41.5395,40.1701],[41.5485,40.1851],[41.5533,40.1861],[41.5553,40.1906],[41.5524,40.1945],[41.5468,40.1975],[41.5431,40.1954],[41.5308,40.1947],[41.5278,40.1907],[41.5216,40.1906],[41.5129,40.1929],[41.5117,40.1964],[41.5124,40.1995],[41.5103,40.2015],[41.509,40.2048],[41.5057,40.2073],[41.5005,40.2077],[41.4979,40.2058],[41.4978,40.2058],[41.4939,40.2044],[41.4887,40.2001],[41.4864,40.208],[41.4856,40.2106],[41.4856,40.2107],[41.4856,40.2109],[41.4854,40.2116],[41.4853,40.2119],[41.485,40.2127],[41.4848,40.2131],[41.4848,40.2133],[41.4844,40.2141],[41.484,40.2149],[41.4839,40.2151],[41.4819,40.2194],[41.4827,40.2215],[41.4828,40.2217],[41.4826,40.2222],[41.4821,40.2233],[41.4815,40.2249],[41.4814,40.2252],[41.4804,40.2275],[41.4774,40.2283],[41.4674,40.2311],[41.4621,40.2332],[41.4497,40.238],[41.4426,40.2397],[41.4116,40.2393],[41.4064,40.2313],[41.399,40.2339],[41.3792,40.2224],[41.3583,40.2128],[41.3543,40.211],[41.3368,40.203],[41.3387,40.1985],[41.3214,40.1886],[41.3163,40.1895],[41.3087,40.1862],[41.304,40.1846],[41.3018,40.1787],[41.3037,40.1738],[41.3011,40.171],[41.2964,40.17],[41.2902,40.1704],[41.2874,40.167],[41.2895,40.1619],[41.2807,40.1571],[41.2736,40.1693],[41.2746,40.1827],[41.2678,40.1869],[41.2564,40.1866],[41.2472,40.1909]]]},"properties":{"ad":"Yakutiye"}}
]}